Username,Password
testusr0,abc123
testusr1,abc123
testusr2,abc123
testusr3,abc123
testusr4,abc123
testusr5,abc123
testusr6,abc123
testusr7,abc123
testusr8,abc123
testusr9,abc123
testusr10,abc123
testusr11,abc123
testusr12,abc123
testusr13,abc123
testusr14,abc123
testusr15,abc123
testusr16,abc123
testusr17,abc123
testusr18,abc123
testusr19,abc123
testusr20,abc123
testusr21,abc123
testusr22,abc123
testusr23,abc123
testusr24,abc123
testusr25,abc123
testusr26,abc123
testusr27,abc123
testusr28,abc123
testusr29,abc123
testusr30,abc123
testusr31,abc123
testusr32,abc123
testusr33,abc123
testusr34,abc123
testusr35,abc123
testusr36,abc123
testusr37,abc123
testusr38,abc123
testusr39,abc123
testusr40,abc123
testusr41,abc123
testusr42,abc123
testusr43,abc123
testusr44,abc123
testusr45,abc123
testusr46,abc123
testusr47,abc123
testusr48,abc123
testusr49,abc123
testusr50,abc123
testusr51,abc123
testusr52,abc123
testusr53,abc123
testusr54,abc123
testusr55,abc123
testusr56,abc123
testusr57,abc123
testusr58,abc123
testusr59,abc123
testusr60,abc123
testusr61,abc123
testusr62,abc123
testusr63,abc123
testusr64,abc123
testusr65,abc123
testusr66,abc123
testusr67,abc123
testusr68,abc123
testusr69,abc123
testusr70,abc123
testusr71,abc123
testusr72,abc123
testusr73,abc123
testusr74,abc123
testusr75,abc123
testusr76,abc123
testusr77,abc123
testusr78,abc123
testusr79,abc123
testusr80,abc123
testusr81,abc123
testusr82,abc123
testusr83,abc123
testusr84,abc123
testusr85,abc123
testusr86,abc123
testusr87,abc123
testusr88,abc123
testusr89,abc123
testusr90,abc123
testusr91,abc123
testusr92,abc123
testusr93,abc123
testusr94,abc123
testusr95,abc123
testusr96,abc123
testusr97,abc123
testusr98,abc123
testusr99,abc123
testusr100,abc123
testusr101,abc123
testusr102,abc123
testusr103,abc123
testusr104,abc123
testusr105,abc123
testusr106,abc123
testusr107,abc123
testusr108,abc123
testusr109,abc123
testusr110,abc123
testusr111,abc123
testusr112,abc123
testusr113,abc123
testusr114,abc123
testusr115,abc123
testusr116,abc123
testusr117,abc123
testusr118,abc123
testusr119,abc123
testusr120,abc123
testusr121,abc123
testusr122,abc123
testusr123,abc123
testusr124,abc123
testusr125,abc123
testusr126,abc123
testusr127,abc123
testusr128,abc123
testusr129,abc123
testusr130,abc123
testusr131,abc123
testusr132,abc123
testusr133,abc123
testusr134,abc123
testusr135,abc123
testusr136,abc123
testusr137,abc123
testusr138,abc123
testusr139,abc123
testusr140,abc123
testusr141,abc123
testusr142,abc123
testusr143,abc123
testusr144,abc123
testusr145,abc123
testusr146,abc123
testusr147,abc123
testusr148,abc123
testusr149,abc123
testusr150,abc123
testusr151,abc123
testusr152,abc123
testusr153,abc123
testusr154,abc123
testusr155,abc123
testusr156,abc123
testusr157,abc123
testusr158,abc123
testusr159,abc123
testusr160,abc123
testusr161,abc123
testusr162,abc123
testusr163,abc123
testusr164,abc123
testusr165,abc123
testusr166,abc123
testusr167,abc123
testusr168,abc123
testusr169,abc123
testusr170,abc123
testusr171,abc123
testusr172,abc123
testusr173,abc123
testusr174,abc123
testusr175,abc123
testusr176,abc123
testusr177,abc123
testusr178,abc123
testusr179,abc123
testusr180,abc123
testusr181,abc123
testusr182,abc123
testusr183,abc123
testusr184,abc123
testusr185,abc123
testusr186,abc123
testusr187,abc123
testusr188,abc123
testusr189,abc123
testusr190,abc123
testusr191,abc123
testusr192,abc123
testusr193,abc123
testusr194,abc123
testusr195,abc123
testusr196,abc123
testusr197,abc123
testusr198,abc123
testusr199,abc123
testusr200,abc123
testusr201,abc123
testusr202,abc123
testusr203,abc123
testusr204,abc123
testusr205,abc123
testusr206,abc123
testusr207,abc123
testusr208,abc123
testusr209,abc123
testusr210,abc123
testusr211,abc123
testusr212,abc123
testusr213,abc123
testusr214,abc123
testusr215,abc123
testusr216,abc123
testusr217,abc123
testusr218,abc123
testusr219,abc123
testusr220,abc123
testusr221,abc123
testusr222,abc123
testusr223,abc123
testusr224,abc123
testusr225,abc123
testusr226,abc123
testusr227,abc123
testusr228,abc123
testusr229,abc123
testusr230,abc123
testusr231,abc123
testusr232,abc123
testusr233,abc123
testusr234,abc123
testusr235,abc123
testusr236,abc123
testusr237,abc123
testusr238,abc123
testusr239,abc123
testusr240,abc123
testusr241,abc123
testusr242,abc123
testusr243,abc123
testusr244,abc123
testusr245,abc123
testusr246,abc123
testusr247,abc123
testusr248,abc123
testusr249,abc123
testusr250,abc123
testusr251,abc123
testusr252,abc123
testusr253,abc123
testusr254,abc123
testusr255,abc123
testusr256,abc123
testusr257,abc123
testusr258,abc123
testusr259,abc123
testusr260,abc123
testusr261,abc123
testusr262,abc123
testusr263,abc123
testusr264,abc123
testusr265,abc123
testusr266,abc123
testusr267,abc123
testusr268,abc123
testusr269,abc123
testusr270,abc123
testusr271,abc123
testusr272,abc123
testusr273,abc123
testusr274,abc123
testusr275,abc123
testusr276,abc123
testusr277,abc123
testusr278,abc123
testusr279,abc123
testusr280,abc123
testusr281,abc123
testusr282,abc123
testusr283,abc123
testusr284,abc123
testusr285,abc123
testusr286,abc123
testusr287,abc123
testusr288,abc123
testusr289,abc123
testusr290,abc123
testusr291,abc123
testusr292,abc123
testusr293,abc123
testusr294,abc123
testusr295,abc123
testusr296,abc123
testusr297,abc123
testusr298,abc123
testusr299,abc123
testusr300,abc123
testusr301,abc123
testusr302,abc123
testusr303,abc123
testusr304,abc123
testusr305,abc123
testusr306,abc123
testusr307,abc123
testusr308,abc123
testusr309,abc123
testusr310,abc123
testusr311,abc123
testusr312,abc123
testusr313,abc123
testusr314,abc123
testusr315,abc123
testusr316,abc123
testusr317,abc123
testusr318,abc123
testusr319,abc123
testusr320,abc123
testusr321,abc123
testusr322,abc123
testusr323,abc123
testusr324,abc123
testusr325,abc123
testusr326,abc123
testusr327,abc123
testusr328,abc123
testusr329,abc123
testusr330,abc123
testusr331,abc123
testusr332,abc123
testusr333,abc123
testusr334,abc123
testusr335,abc123
testusr336,abc123
testusr337,abc123
testusr338,abc123
testusr339,abc123
testusr340,abc123
testusr341,abc123
testusr342,abc123
testusr343,abc123
testusr344,abc123
testusr345,abc123
testusr346,abc123
testusr347,abc123
testusr348,abc123
testusr349,abc123
testusr350,abc123
testusr351,abc123
testusr352,abc123
testusr353,abc123
testusr354,abc123
testusr355,abc123
testusr356,abc123
testusr357,abc123
testusr358,abc123
testusr359,abc123
testusr360,abc123
testusr361,abc123
testusr362,abc123
testusr363,abc123
testusr364,abc123
testusr365,abc123
testusr366,abc123
testusr367,abc123
testusr368,abc123
testusr369,abc123
testusr370,abc123
testusr371,abc123
testusr372,abc123
testusr373,abc123
testusr374,abc123
testusr375,abc123
testusr376,abc123
testusr377,abc123
testusr378,abc123
testusr379,abc123
testusr380,abc123
testusr381,abc123
testusr382,abc123
testusr383,abc123
testusr384,abc123
testusr385,abc123
testusr386,abc123
testusr387,abc123
testusr388,abc123
testusr389,abc123
testusr390,abc123
testusr391,abc123
testusr392,abc123
testusr393,abc123
testusr394,abc123
testusr395,abc123
testusr396,abc123
testusr397,abc123
testusr398,abc123
testusr399,abc123
testusr400,abc123
testusr401,abc123
testusr402,abc123
testusr403,abc123
testusr404,abc123
testusr405,abc123
testusr406,abc123
testusr407,abc123
testusr408,abc123
testusr409,abc123
testusr410,abc123
testusr411,abc123
testusr412,abc123
testusr413,abc123
testusr414,abc123
testusr415,abc123
testusr416,abc123
testusr417,abc123
testusr418,abc123
testusr419,abc123
testusr420,abc123
testusr421,abc123
testusr422,abc123
testusr423,abc123
testusr424,abc123
testusr425,abc123
testusr426,abc123
testusr427,abc123
testusr428,abc123
testusr429,abc123
testusr430,abc123
testusr431,abc123
testusr432,abc123
testusr433,abc123
testusr434,abc123
testusr435,abc123
testusr436,abc123
testusr437,abc123
testusr438,abc123
testusr439,abc123
testusr440,abc123
testusr441,abc123
testusr442,abc123
testusr443,abc123
testusr444,abc123
testusr445,abc123
testusr446,abc123
testusr447,abc123
testusr448,abc123
testusr449,abc123
testusr450,abc123
testusr451,abc123
testusr452,abc123
testusr453,abc123
testusr454,abc123
testusr455,abc123
testusr456,abc123
testusr457,abc123
testusr458,abc123
testusr459,abc123
testusr460,abc123
testusr461,abc123
testusr462,abc123
testusr463,abc123
testusr464,abc123
testusr465,abc123
testusr466,abc123
testusr467,abc123
testusr468,abc123
testusr469,abc123
testusr470,abc123
testusr471,abc123
testusr472,abc123
testusr473,abc123
testusr474,abc123
testusr475,abc123
testusr476,abc123
testusr477,abc123
testusr478,abc123
testusr479,abc123
testusr480,abc123
testusr481,abc123
testusr482,abc123
testusr483,abc123
testusr484,abc123
testusr485,abc123
testusr486,abc123
testusr487,abc123
testusr488,abc123
testusr489,abc123
testusr490,abc123
testusr491,abc123
testusr492,abc123
testusr493,abc123
testusr494,abc123
testusr495,abc123
testusr496,abc123
testusr497,abc123
testusr498,abc123
testusr499,abc123
