title,douban_link
楓城物語 メイプルタウン物語,https://movie.douban.com/subject/5032128/
精灵宝可梦：皮卡丘的闪亮大搜查 ピカチュウのキラキラだいそうさく！,https://movie.douban.com/subject/6772969/
妖怪手表：诞生的秘密喵 映画 妖怪ウォッチ 誕生の秘密だニャン！,https://movie.douban.com/subject/25928049/
恐怖人间：最终教师 恐怖のバイオ人間 最終教師,https://movie.douban.com/subject/5142530/
夜樱四重奏 星之海 夜桜四重奏 〜ホシノウミ〜,https://movie.douban.com/subject/4922861/
偶像大师 XENOGLOSSIA アイドルマスター XENOGLOSSIA,https://movie.douban.com/subject/3550715/
精灵宝可梦：皮卡丘冰之大冒险 ピカチュウ 氷の大冒険,https://movie.douban.com/subject/6772968/
装甲骑兵 佩尔森档案 剧场版 装甲騎兵ボトムズ ペールゼン・ファイルズ 劇場版,https://movie.douban.com/subject/3435644/
情浓于水 Buddies Thicker Than Water,https://movie.douban.com/subject/10502540/
亚尔斯兰战记 OAD 2 アルスラーン戦記 友情の宴,https://movie.douban.com/subject/26913881/
东京巴比伦 東京BABYLON,https://movie.douban.com/subject/1742565/
交响诗篇AO 少女峰的花丛 OVA エウレカセブンAO ユングフラウの花々たち,https://movie.douban.com/subject/11639329/
哆啦A梦生日SP：哆啦A梦的青之泪 ドラえもん誕生日スペシャル 「ドラえもんの青い涙」,https://movie.douban.com/subject/33458709/
阿滋漫画大王 短篇电影 あずまんが大王 短編映画,https://movie.douban.com/subject/2239631/
POP IN Q ポッピン Q,https://movie.douban.com/subject/26720126/
能继续奔跑下去真是太好了。 走り続けてよかったって。,https://movie.douban.com/subject/30317849/
三人行必有我妹  OVA この中に1人、妹がいる！ OVA,https://movie.douban.com/subject/19955823/
雨色可可 side G 雨色ココアside G,https://movie.douban.com/subject/30358179/
死囚乐园 デッドマン・ワンダーランド,https://movie.douban.com/subject/5332564/
小忍者 Ninjai,https://movie.douban.com/subject/3783267/
我是御宅上班族 ぼく、オタリーマン。,https://movie.douban.com/subject/4217278/
勇猛宇宙海贼：亚空间之深渊 モーレツ宇宙海賊 ABYSS OF HYPERSPACE -亜空の深淵-,https://movie.douban.com/subject/10864735/
爆炸头武士 Afro Samurai,https://movie.douban.com/subject/1861172/
灼热乒乓妹 灼熱の卓球娘,https://movie.douban.com/subject/26879784/
家有豆芝麻 まめごま,https://movie.douban.com/subject/3391889/
龙珠SP2 悟空的消防隊 ドラゴンボールSP2 悟空の消防隊,https://movie.douban.com/subject/3446643/
世界第一初恋：小野寺律的场合 世界一初恋 OVA 小野寺律の場合,https://movie.douban.com/subject/5384550/
黑礁 第二季 Black Lagoon: The Second Barrage,https://movie.douban.com/subject/4174469/
永远之永恒 第四章 红莲的焦心 トワノクオン 第四章 紅蓮の焦心,https://movie.douban.com/subject/7062599/
哗鬼校园 HAUNTEDじゃんくしょん,https://movie.douban.com/subject/3754625/
神曲奏界Polyphonica 神曲奏界ポリフォニカ,https://movie.douban.com/subject/4070113/
萌之英语单词 もえたん,https://movie.douban.com/subject/2331108/
动画锻炼XX：同一屋檐下 あにトレ！XX〜ひとつ屋根の下で〜,https://movie.douban.com/subject/26887142/
赐予护君女神的祝福 護くんに女神の祝福を,https://movie.douban.com/subject/3574493/
魔法咪路咪路Golden わがまま☆フェアリー ミルモでポン! ごおるでん,https://movie.douban.com/subject/5975313/
尸兄,https://movie.douban.com/subject/21319330/
赤色光弹 赤い光弾ジリオン,https://movie.douban.com/subject/3098559/
怪盗Joker 第2期 怪盗ジョーカー シーズン2,https://movie.douban.com/subject/26298057/
哆啦A梦生日SP：决战！猫型机器人VS狗型机器人 ドラえもん誕生日スペシャル 「决戦！ネコ型ロボットvsイヌ型ロボット」,https://movie.douban.com/subject/33458706/
机动战士高达00 特别版3：世界的回归 機動戦士ガンダムOO スペシャルエディションⅢ リターン・ザ・ワールド,https://movie.douban.com/subject/4139861/
不公正抽签 OVA げんしけん ボーナスディスク くじびきアンバランス,https://movie.douban.com/subject/3223673/
老虎仔乐园 しましまとらのしまじろう,https://movie.douban.com/subject/3098568/
七色★星露 ななついろ★ドロップス,https://movie.douban.com/subject/2331296/
后日之舞 あさってDaNCE,https://movie.douban.com/subject/5968894/
放学后的王子 放課後の王子様,https://movie.douban.com/subject/26877380/
魔导国 MUNTO,https://movie.douban.com/subject/2296013/
神契幻奇谭,https://movie.douban.com/subject/27032421/
光之美少女 Splash Star ふたりはプリキュア Splash Star,https://movie.douban.com/subject/5317289/
怪盗Joker 第3期 怪盗ジョーカー シーズン3,https://movie.douban.com/subject/26762732/
特斯拉笔记 テスラノート,https://movie.douban.com/subject/35427395/
星际海盗 コヨーテ ラグタイムショー,https://movie.douban.com/subject/2054435/
属性同好会 OAD ディーふらぐ！OAD ウォーター!!,https://movie.douban.com/subject/25852254/
黑子的篮球 冬季杯总集篇 ～泪水的前方～ 黒子のバスケ ウインターカップ総集編 ～淚の先へ～,https://movie.douban.com/subject/26770364/
社长，战斗的时间到了！ 社長、バトルの時間です！,https://movie.douban.com/subject/34926286/
偶像天使阳子 アイドル天使 ようこそようこ,https://movie.douban.com/subject/4202111/
精灵宝可梦：皮卡丘的不可思议大冒险 ピカチュウのふしぎなふしぎな大冒険,https://movie.douban.com/subject/6900104/
歌塑世界 ACTORS -Songs Connection-,https://movie.douban.com/subject/30400673/
侍魂：破天降魔 SAMURAI SPIRITS 〜破天降魔の章〜,https://movie.douban.com/subject/5102982/
菊花笑典之有神么  第二季,https://movie.douban.com/subject/26293596/
DD 北斗神拳 TV版 DD北斗の拳,https://movie.douban.com/subject/21320283/
蓝海少女 第二季 あまんちゅ！～あどばんす～,https://movie.douban.com/subject/27199572/
致命紫罗兰 编号044 ウルトラヴァイオレット:Code044,https://movie.douban.com/subject/3320029/
斗罗大陆1第二十二部分,https://movie.douban.com/subject/36742514/
遥远时空3：红月 遥かなる时空の中で3 红の月,https://movie.douban.com/subject/2340919/
战争程序员白濑 BPS～バトルプログラマーシラセ～,https://movie.douban.com/subject/2295837/
B-PROJECT 第二季 B-PROJECT～絶頂＊エモーション～,https://movie.douban.com/subject/27160693/
高中舰队 OVA前篇 ハイスクール・フリート OVA前編 納沙幸子がピンチ,https://movie.douban.com/subject/26882328/
魔术士欧菲流浪之旅 基姆拉克篇 魔術士オーフェンはぐれ旅 キムラック編,https://movie.douban.com/subject/35251076/
长安幻街,https://movie.douban.com/subject/35307622/
机神咆吼 機神咆吼デモンベイン,https://movie.douban.com/subject/3278548/
深夜！天才傻鹏 深夜！天才バカボン,https://movie.douban.com/subject/30187690/
幽游白书：藏马篇 幽☆遊☆白書・映像白書2~蔵馬の章~（,https://movie.douban.com/subject/26438877/
玉响完结篇第二部：响 たまゆら 卒業写真 第2部 響 ひびき,https://movie.douban.com/subject/26315236/
妄想学生会2 OAD9 生徒会役員共* OAD9,https://movie.douban.com/subject/34801983/
舞-乙HiME Zwei 第2話「ア・ラ・シの予感」,https://movie.douban.com/subject/2272623/
山田君与7个魔女 OAD 山田くんと7人の魔女 OAD,https://movie.douban.com/subject/25711543/
餐桌上的世说新语 第二季,https://movie.douban.com/subject/34937934/
守护月天 まもって守護月天!,https://movie.douban.com/subject/3048038/
刀剑神域2 特典 そーどあーと・おふらいん つー,https://movie.douban.com/subject/26895984/
永远之永恒 第三章 梦幻的连座 トワノクオン 第三章 夢幻の連座,https://movie.douban.com/subject/6957748/
漫画少女 まんがーる！,https://movie.douban.com/subject/19997965/
不死者之王：短片4 オーバーロード ぷれぷれぷれあです4,https://movie.douban.com/subject/35970274/
哆啦A梦生日SP：野比号特急和谜之火车猎手 ドラえもん 誕生日1時間SP のび太特急と謎のトレインハンター,https://movie.douban.com/subject/26605995/
装甲骑兵：荣耀的背后 装甲騎兵ボトムズ 赫奕たる異端,https://movie.douban.com/subject/3221069/
创圣大天使LOGOS アクエリオンロゴス,https://movie.douban.com/subject/26329071/
爱少女波丽安娜物语 愛少女ポリアンナ物語,https://movie.douban.com/subject/3714038/
外星人田中太郎 うちゅう人田中太郎,https://movie.douban.com/subject/3763210/
妄想学生会2 OAD6 生徒会役員共* OAD6,https://movie.douban.com/subject/26946286/
超游世界,https://movie.douban.com/subject/26951611/
Butlers～千年百年物语～ Butlers～千年百年物語～,https://movie.douban.com/subject/27144785/
太太是魔法少女 奥さまは魔法少女,https://movie.douban.com/subject/3060431/
秀逗泰山 ジャングルの王者 ターちゃん,https://movie.douban.com/subject/3993306/
Active Raid 机动强袭室第八组 アクティヴレイド 機動強襲室第八係,https://movie.douban.com/subject/26637915/
鹡鸰女神 短篇OVA 第一次外出 セキレイ 短編OVA 初メテノオツカイ,https://movie.douban.com/subject/6073381/
如果烧陶的话也做个马克杯吧 第二季 やくならマグカップも 2期,https://movie.douban.com/subject/35505546/
希望宅邸 ゆるめいつ,https://movie.douban.com/subject/3711738/
同人WORK ドージンワーク,https://movie.douban.com/subject/3034768/
STRANGE+ 第二季 真 ストレンジ・プラス,https://movie.douban.com/subject/25872919/
粉墨宝贝,https://movie.douban.com/subject/26425416/
巴哈姆特之怒 GENESIS Short Story 神撃のバハムート GENESIS Short Story,https://movie.douban.com/subject/26946546/
旅街晚间秀 旅街レイトショー,https://movie.douban.com/subject/26705688/
欧西里斯的天秤 オシリスの天秤,https://movie.douban.com/subject/26581653/
天空与海洋的交界线 ソラとウミのアイダ,https://movie.douban.com/subject/30179569/
圣母在上OVA3：凉风飒飒 マリア様がみてる 涼風さつさつ,https://movie.douban.com/subject/3258044/
红色海洋,https://movie.douban.com/subject/26392289/
妖精的尾巴OAD10：妖精们的圣诞节 FAIRY TAIL OAD 妖精たちのクリスマス,https://movie.douban.com/subject/26785176/
闪电十一人GO 2期 イナズマイレブンGO クロノ・ストーン,https://movie.douban.com/subject/10600272/
歌让我狂,https://movie.douban.com/subject/2300150/
枪之国度 ガンフロンティア,https://movie.douban.com/subject/3749474/
神圣骑士 Holy Knight,https://movie.douban.com/subject/10726976/
龙 龍 -RYO-,https://movie.douban.com/subject/20266595/
精灵宝可梦：皮卡丘的冬季假期2000 ピカチュウのふゆやすみ2000,https://movie.douban.com/subject/5948616/
无聊诗社 第二季,https://movie.douban.com/subject/30258124/
结城友奈是勇者 -鹫尾须美之章- 第1章 朋友 結城友奈は勇者である -鷲尾須美の章- 第1章 ともだち,https://movie.douban.com/subject/26907369/
"恋姬无双 OVA 恋姫†夢想 群雄, 生徒会長の座を狙って相争うのこと ~あと, ポロリもあるよ!~",https://movie.douban.com/subject/3683880/
女皇之刃 王座继承者 クイーンズブレイド 玉座を継ぐ者,https://movie.douban.com/subject/4067835/
猜谜王 ナナマル サンバツ,https://movie.douban.com/subject/26938171/
仙乐传说：希尔瓦兰特篇 テイルズ オブ シンフォニア THE ANIMATION シルヴァラント編,https://movie.douban.com/subject/2224154/
大家集合！ Falcom学园 みんな集まれ！ファルコム学園,https://movie.douban.com/subject/25782612/
宝瓶时代 アクエリアンエイジ Sign for Evolution,https://movie.douban.com/subject/3037577/
爆炎学院 爆炎CAMPUSガ－ドレス,https://movie.douban.com/subject/3993254/
今天开始恋爱吧 2 今日、恋をはじめます 2,https://movie.douban.com/subject/5968823/
守望先锋宣传片 Overwatch: The Exhibit,https://movie.douban.com/subject/30329117/
舞-乙HiME Zwei 第1話「ユメノ☆ツヅキ」,https://movie.douban.com/subject/2272611/
玉响完结篇第四部：朝 たまゆら 卒業写真 第4部 朝 あした,https://movie.douban.com/subject/26315238/
第一次的辣妹 OAD はじめてのギャル OAD,https://movie.douban.com/subject/27616196/
募恋英雄 スタンドマイヒーローズ PIECE OF TRUTH,https://movie.douban.com/subject/33377780/
精灵宝可梦：美洛耶塔的闪亮音乐会 メロエッタのキラキラリサイタル,https://movie.douban.com/subject/24522847/
POKÉTOON 飘雪的暑假 POKÉTOON ふぶきのなつやすみ,https://movie.douban.com/subject/35623397/
Anima Yell! アニマエール,https://movie.douban.com/subject/30129013/
魔魔岛,https://movie.douban.com/subject/6041218/
青之驱魔师 特典 青の祓魔師 映像特典 裏エク,https://movie.douban.com/subject/26339289/
放浪男孩OVA 告白 ～Each Seasons～ 放浪息子 告白 ～Each season～,https://movie.douban.com/subject/6902342/
真的有呀！灵媒先生 ほんとにあった!霊媒先生,https://movie.douban.com/subject/5958599/
梦幻之星Online2 EPISODE ORACLE ファンタシースターオンライン2 エピソード・オラクル,https://movie.douban.com/subject/34602889/
巷说百物语 巷説百物語,https://movie.douban.com/subject/2216301/
BUS GAMER Bus Gamer,https://movie.douban.com/subject/2998776/
酷跑英雄,https://movie.douban.com/subject/27157533/
侦探歌剧 少女福尔摩斯 夏季特别篇 探偵オペラ ミルキィホームズ サマー・スペシャル,https://movie.douban.com/subject/6514132/
机动战士高达SEED DESTINY 特别版1：破碎的世界 機動戦士ガンダムSEED DESTINY スペシャルエディション 碎かれた世界,https://movie.douban.com/subject/11600129/
魔神之骨 マジンボーン,https://movie.douban.com/subject/25803240/
RS计划 -Rebirth Storage- RS計画 -Rebirth Storage-,https://movie.douban.com/subject/26756213/
明治东京恋伽：弦月的小夜曲 明治東亰恋伽 〜弦月の小夜曲〜,https://movie.douban.com/subject/26318903/
联盟空军航空魔法音乐队 Luminous Witches 連盟空軍航空魔法音楽隊 ルミナスウィッチーズ,https://movie.douban.com/subject/30267278/
美妙天堂 第二季 プリパラ 2rdシーズン,https://movie.douban.com/subject/26762730/
宇宙战舰提拉米斯II EX 宇宙戦艦ティラミス II 未放送話,https://movie.douban.com/subject/30490267/
红莲之王 ロードオブヴァーミリオン,https://movie.douban.com/subject/30177687/
斗魂卫之玄月奇缘 第三季,https://movie.douban.com/subject/34812427/
圣剑传说 玛娜传奇 -The Teardrop Crystal- 聖剣伝説 Legend of Mana -The Teardrop Crystal-,https://movie.douban.com/subject/35511034/
我的英雄学院 第2季：英雄笔记 僕のヒーローアカデミア 第2期 第0話 ヒーローノート,https://movie.douban.com/subject/27016621/
超心动！文艺复兴 マジきゅんっ！ルネッサンス,https://movie.douban.com/subject/26794291/
枪的假面舞会 ランス・アンド・マスクス,https://movie.douban.com/subject/25876129/
玻璃舰队 ガラスの艦隊,https://movie.douban.com/subject/2057163/
小碧蓝幻想！ ぐらぶるっ！,https://movie.douban.com/subject/35027448/
万能文化猫娘,https://movie.douban.com/subject/3755011/
无口的森田小姐2 森田さんは無口。2,https://movie.douban.com/subject/6872213/
妖精的尾巴OAD9：纳兹vs.梅比斯 FAIRY TAIL OAD ナツ vs. メイビス,https://movie.douban.com/subject/26785175/
十兵卫II - 西伯利亚柳生的反击 十兵卫ちゃん2 - シベリア柳生の逆袭,https://movie.douban.com/subject/3092331/
精灵使 精霊使い,https://movie.douban.com/subject/5967013/
星空奇迹 星空キセキ,https://movie.douban.com/subject/2244789/
魔具少女 特盛篇OVA 夏日！泳装！合宿！ マケン姫っ!  夏だ! 水着だ! 合宿だ!,https://movie.douban.com/subject/25754885/
天上天下OVA 天上天下 ULTIMATE FIGHT,https://movie.douban.com/subject/5942166/
斗战神,https://movie.douban.com/subject/26383112/
我家女仆有够烦！OVA うちのメイドがウザすぎる! 新作OVA,https://movie.douban.com/subject/30353113/
哆啦A梦：大雄与未来笔记本 ドラえもん のび太と未来ノート,https://movie.douban.com/subject/25969120/
尸体派对OVA：被暴虐的灵魂的咒叫 コープスパーティー Tortured Souls -暴虐された魂の呪叫-,https://movie.douban.com/subject/11584399/
这个男子从事魔法工作 この男子、魔法がお仕事です。,https://movie.douban.com/subject/26677936/
鲁邦三世：献给鲁邦死 献给钱形爱 ルパン三世 ルパンには死を、銭形には恋を,https://movie.douban.com/subject/2085493/
大江户火箭 大江戸ロケット,https://movie.douban.com/subject/2049644/
91天 TV未放送第13话 91Days Day 13,https://movie.douban.com/subject/27096125/
我是小甜甜 永远的再一次 魔法の天使クリィミーマミ 永遠のワンスモア,https://movie.douban.com/subject/4845758/
最游记外传OVA第一卷：樱云之章 最遊記外伝OVA 第壱巻 桜雲の章,https://movie.douban.com/subject/25703558/
时光照相馆的日常,https://movie.douban.com/subject/35663580/
龙息少年 Firebreather,https://movie.douban.com/subject/5910408/
我永远的圣诞老人 いつだってＭｙサンタ！,https://movie.douban.com/subject/2993083/
美肌一族,https://movie.douban.com/subject/3222825/
洁癖 Knob,https://movie.douban.com/subject/26937925/
雀魂 碰☆ じゃんたま PONG☆,https://movie.douban.com/subject/35732054/
电影 光之美少女 Max Heart 2 雪空的朋友 映画 ふたりはプリキュア Max Heart 2 雪空のともだち,https://movie.douban.com/subject/3897247/
疯狂玩具城,https://movie.douban.com/subject/26781764/
万界仙踪,https://movie.douban.com/subject/34670220/
战国无双 戦国無双,https://movie.douban.com/subject/26252108/
南镰仓高校女子自行车社 南鎌倉高校女子自転車部,https://movie.douban.com/subject/26895961/
美国队长 Captain America,https://movie.douban.com/subject/4089909/
偶像大师 阳光祭典 OVA アイドルマスター シャイニーフェスタ OVA,https://movie.douban.com/subject/19945731/
姐姐的妄想日记 OVA2 姉ログ 靄子姉さんの止まらないモノローグ OVA2,https://movie.douban.com/subject/26279220/
菊叔5岁画,https://movie.douban.com/subject/26972577/
Double Circle ダブルサークル,https://movie.douban.com/subject/25774825/
战勇OVA：执事长之旅其一 戦勇。 執事長のたび その1,https://movie.douban.com/subject/25739181/
命运石之门 新作 STEINS;?????,https://movie.douban.com/subject/35235475/
娜露和贝塔 ぬるぺた,https://movie.douban.com/subject/34777712/
翼与萤火虫 OVA つばさとホタル OVA,https://movie.douban.com/subject/25819705/
妹妹公主RePure シスター・プリンセス RePure,https://movie.douban.com/subject/5942165/
漫画家与助手们 OVA2 マンガ家さんとアシスタントさんと 夢みるマンガ家さん,https://movie.douban.com/subject/25938185/
青空少女队 青空少女隊,https://movie.douban.com/subject/2981400/
青蛙军曹 第七季 ケロロ軍曹 7thシーズン,https://movie.douban.com/subject/27011744/
棺姬嘉依卡 OVA 棺姫のチャイカ OVA,https://movie.douban.com/subject/25889535/
笑傲昙天外传：诀别，豺的誓言 曇天に笑う〈外伝〉〜決別、犲の誓い〜,https://movie.douban.com/subject/27005972/
北京最后一班地铁,https://movie.douban.com/subject/35067849/
愿此刻永恒 Next Season 君が望む永遠 〜Next Season〜,https://movie.douban.com/subject/4230923/
战国鸟兽戏画～乙～ 戦国鳥獣戯画〜乙〜,https://movie.douban.com/subject/26895976/
浮游泉大冒险 パタパタ飞行船の冒険,https://movie.douban.com/subject/3013958/
玉响完结篇第三部：憧 たまゆら 卒業写真 第3部 憧 あこがれ,https://movie.douban.com/subject/26315237/
冬季花园 ウィンターガーデン,https://movie.douban.com/subject/2044167/
嘟当曼,https://movie.douban.com/subject/30413173/
快乐星猫 第七季,https://movie.douban.com/subject/25933759/
Ange Vierge アンジュ・ヴィエルジュ,https://movie.douban.com/subject/26278481/
奔跑吧！ 阿松 走れ！おう松さん,https://movie.douban.com/subject/26892561/
泡泡糖撞车 バブルガム・クラッシュ!,https://movie.douban.com/subject/3233115/
再续前缘 KIRARA,https://movie.douban.com/subject/5294337/
遥远时空中2~白龙的神子 遥かなる时空の中で2～白き龙の神子,https://movie.douban.com/subject/2299413/
动物横町 アニマル横町,https://movie.douban.com/subject/2033220/
妖精的尾巴OAD8：妖精们的惩罚游戏 FAIRY TAIL OAD 妖精たちの罰ゲーム,https://movie.douban.com/subject/26785174/
出云战记 IZUMO -猛き剣の閃記-,https://movie.douban.com/subject/3032441/
音乐少女 音楽少女,https://movie.douban.com/subject/25924031/
尸兄之血战尸骑士,https://movie.douban.com/subject/25984825/
侵略！乌贼娘 OAD3 侵略！イカ娘 OAD3,https://movie.douban.com/subject/25835365/
梦幻骑士之铁甲小猪,https://movie.douban.com/subject/21355935/
女皇之刃：被征服的女皇 クイーンズブレイド ヴァンキッシュド・クイーンズ,https://movie.douban.com/subject/25831295/
天体战士 SP 天体戦士サンレッド ショートコーナー,https://movie.douban.com/subject/4316816/
魂连 Soul Link,https://movie.douban.com/subject/2044143/
超神游戏,https://movie.douban.com/subject/25889597/
仙乐传说：特赛阿拉篇 テイルズ オブ シンフォニア THE ANIMATION テセアラ編,https://movie.douban.com/subject/4202087/
神魂合体 神魂合体ゴーダンナー!!,https://movie.douban.com/subject/3434523/
兄弟战争 TV未放送话 BROTHERS CONFLICT 第十二・五衝突 切望,https://movie.douban.com/subject/25880273/
红莲 第一幕 鬼 紅蓮 第一幕 鬼,https://movie.douban.com/subject/3193510/
新世界 未来篇 アラタなるセカイ 未来編,https://movie.douban.com/subject/10788853/
魔法律事务所 第二季 ムヒョとロージーの魔法律相談事務所 第2期,https://movie.douban.com/subject/34436401/
遥远时空中3 无尽的命运 遙かなる時空の中で3 終わりなき運命,https://movie.douban.com/subject/4073805/
岁月飘零 風の中の少女 金髪のジェニー,https://movie.douban.com/subject/3737024/
集結！黄金聖衣,https://movie.douban.com/subject/2134080/
异度传说THE ANIMATION ゼノサーガ THE ANIMATION,https://movie.douban.com/subject/3876109/
TRY KNIGHTS トライナイツ,https://movie.douban.com/subject/30489326/
天地无用! GXP 天地無用! GXP,https://movie.douban.com/subject/1940355/
圣诞老人公司 サンタ・カンパニー,https://movie.douban.com/subject/20416405/
斗罗大陆1第二十八部分,https://movie.douban.com/subject/36779902/
妄想学生会2 OAD7 生徒会役員共* OAD7,https://movie.douban.com/subject/33425862/
绝命制裁X TV未放送 第11话 トリアージX EPISODE:11 RECOLLECTION XOXO,https://movie.douban.com/subject/26422787/
超级恋人 SUPER LOVERS,https://movie.douban.com/subject/26378107/
零秒出手 第二季 BUZZER BEATER （第2期）,https://movie.douban.com/subject/3034765/
AD特警 A.D.POLICE,https://movie.douban.com/subject/1985985/
阿衰 第三季,https://movie.douban.com/subject/35150445/
幻想传说 テイルズ オブ ファンタジア,https://movie.douban.com/subject/2081447/
龙心战纪 聖戦ケルベロス 竜刻のファタリテ,https://movie.douban.com/subject/26720127/
不死者之王：短篇2 オーバーロード ぷれぷれぷれあです2,https://movie.douban.com/subject/30176280/
真女神转生_东京默示录 真・女神転生 東京黙示録,https://movie.douban.com/subject/3286402/
妖精的尾巴：总集篇 フェアリーテイル 総集編,https://movie.douban.com/subject/5403929/
海暗月影 海の闇、月の影,https://movie.douban.com/subject/3543678/
极速战警 éX-Driver,https://movie.douban.com/subject/3754236/
ARGONAVIS from BanG Dream! アルゴナビス from BanG Dream!,https://movie.douban.com/subject/34902560/
摇滚都市 短版 SHOW BY ROCK!! しょ〜と!!,https://movie.douban.com/subject/26822061/
灵契,https://movie.douban.com/subject/26822105/
The Catholic Hour,https://movie.douban.com/subject/1482142/
喵楞 にゃんぼー,https://movie.douban.com/subject/26882402/
麻神,https://movie.douban.com/subject/26830042/
地下巧克力 チョコレート・アンダーグラウンド,https://movie.douban.com/subject/3115196/
真盖塔vs新盖塔 真ゲッターロボ対ネオゲッターロボ,https://movie.douban.com/subject/3161028/
温泉幼精箱根酱 温泉幼精ハコネちゃん,https://movie.douban.com/subject/26632234/
爆蛋晶英,https://movie.douban.com/subject/26330963/
稻荷恋之歌 OVA いなり、こんこん、恋いろは。 いなり、こんこん、蝉しぐれ。,https://movie.douban.com/subject/25853651/
七大罪OAD3 七つの大罪OAD3,https://movie.douban.com/subject/30486794/
法外制裁者OAD1 コード:ブレイカー OAD1,https://movie.douban.com/subject/21346521/
没有钱 お金がないっ,https://movie.douban.com/subject/2347144/
青春CUP ちゅーぶら!!,https://movie.douban.com/subject/3818986/
下落的野兔 Falling Hare,https://movie.douban.com/subject/1890169/
坏坏二人的天罚 いけない二人とはじめての罚,https://movie.douban.com/subject/30219567/
Shuffle! Memories,https://movie.douban.com/subject/2043435/
魔法少女奈叶ViVid 魔法少女リリカルなのはViVid,https://movie.douban.com/subject/25960699/
梦幻之星Online2 ファンタシースターオンライン 2,https://movie.douban.com/subject/26527996/
恋爱心跳接吻 わくわく接吻ランド,https://movie.douban.com/subject/21965466/
最游记外传OVA特別篇：香花之章 最遊記外伝OVA 特別篇 香花の章,https://movie.douban.com/subject/21247878/
奥林匹克之环 別冊オリンピア・キュクロス,https://movie.douban.com/subject/34968737/
扑杀天使2 撲殺天使ドクロちゃん2,https://movie.douban.com/subject/2330098/
大人的防具店 第二季 おとなの防具屋さん 2期,https://movie.douban.com/subject/35251077/
小孤星马高 MARCO 母をたずねて三千里,https://movie.douban.com/subject/1308158/
变身少年 シンデレラボーイ,https://movie.douban.com/subject/3148351/
窈窕淑女 はいからさんが通る,https://movie.douban.com/subject/5320599/
绚烂舞踏祭 絢爛舞踏祭 ザ・マーズ・デイブレイク,https://movie.douban.com/subject/3077621/
精灵宝可梦：皮卡丘的鬼怪狂欢节 ピカチュウのおばけカーニバル,https://movie.douban.com/subject/5975311/
少女与战车 特典 ガールズ&パンツァー 映像特典,https://movie.douban.com/subject/20381263/
银河战国群雄传 銀河戦国群雄伝ライ,https://movie.douban.com/subject/3772141/
梅露可物语 メルクストーリア,https://movie.douban.com/subject/30135531/
虎面人W タイガーマスクW,https://movie.douban.com/subject/26882247/
大禹治水,https://movie.douban.com/subject/33447754/
天剑 Heavenly Sword,https://movie.douban.com/subject/25733481/
猎魔武士 GIBIATE,https://movie.douban.com/subject/35062323/
面包和平！ パンでPeace！,https://movie.douban.com/subject/26598263/
向阳之树 陽だまりの樹,https://movie.douban.com/subject/3831882/
芝麻街,https://movie.douban.com/subject/26930120/
侵略！乌贼娘 OAD2 侵略！イカ娘 OAD2,https://movie.douban.com/subject/20501058/
哥拉特骑士团 グラール騎士団,https://movie.douban.com/subject/4281605/
超可动女孩1/6 超可動ガール1/6,https://movie.douban.com/subject/30311924/
没能做成勇者的我无可奈何的决定去工作 第13话未放送 勇者になれなかった俺はしぶしぶ就職を決意しました。 勇者になれなかった俺の妹が上京してきました。,https://movie.douban.com/subject/25843278/
黑白小姐 第二季 ミス・モノクローム 2期,https://movie.douban.com/subject/26349572/
恋爱与选举与巧克力 TV未放送 第13话 恋妹(OVA) 恋と選挙とチョコレート 恋妹!,https://movie.douban.com/subject/25864126/
水晶之焰 クリスタル ブレイズ,https://movie.douban.com/subject/3035530/
安的奇幻之旅 Anne of Green Gables: The Animated Series,https://movie.douban.com/subject/5134831/
崩坏3 希儿,https://movie.douban.com/subject/34880292/
奥特曼超斗士激传 ウルトラマン超闘士激伝,https://movie.douban.com/subject/5349410/
怪物猎人物语 第一季 モンスターハンター ストーリーズ RIDE ON,https://movie.douban.com/subject/26615507/
课长王子 課長王子,https://movie.douban.com/subject/3197030/
爱情泡泡糖 なる・あぷろーち,https://movie.douban.com/subject/3218532/
魔法少女STAR花音100% 神のみぞ知るセカイ マジカル☆スターかのん100%,https://movie.douban.com/subject/22733211/
哆啦A梦生日SP：祖先！加油！ ドラえもん誕生日スペシャル 「ご先祖さまがんばれ」,https://movie.douban.com/subject/33454975/
英雄七个半,https://movie.douban.com/subject/6790978/
野良耳 のらみみ,https://movie.douban.com/subject/2377619/
座敷童子榻榻米酱 ざしきわらしのタタミちゃん,https://movie.douban.com/subject/34924823/
哆啦A梦生日SP：地底100英里的小型大作战 ドラえもん誕生日スペシャル 「地底100マイルちょっとの大作戦」,https://movie.douban.com/subject/33458703/
妖精的尾巴剧场版序章： 起始之朝 劇場版 FAIRY TAIL フェアリーテイル 序章「はじまりの朝」,https://movie.douban.com/subject/21359734/
眼镜部 メガネブ！,https://movie.douban.com/subject/24843207/
卒业M 卒業M オレ達のカーニバル,https://movie.douban.com/subject/2343599/
永远之永恒 第二章 混沌的兰舞 トワノクオン 第二章 混沌の蘭舞,https://movie.douban.com/subject/6861613/
A3！满开剧团 秋&冬 A3! SEASON AUTUMN ＆ WINTER,https://movie.douban.com/subject/35203609/
不要输！！恶之军团！ まけるな!!あくのぐんだん！,https://movie.douban.com/subject/26970773/
炎之转校生 炎の転校生,https://movie.douban.com/subject/5915795/
只有神知道的世界 OVA 魔法少女☆偶像之星 花音100% 神のみぞ知るセカイ OVA マジカル☆スター かのん100%,https://movie.douban.com/subject/34821382/
仙魔大战 スーパービックリマン,https://movie.douban.com/subject/3096665/
土方岁三 白之轨迹 土方歳三 白の軌跡,https://movie.douban.com/subject/4030390/
环战公主 サークレット・プリンセス,https://movie.douban.com/subject/30377895/
世界第一初恋：羽鸟芳雪的场合 世界一初恋 OVA 羽鳥芳雪の場合,https://movie.douban.com/subject/6839143/
恶魔城 第三季 Castlevania Season 3,https://movie.douban.com/subject/30364831/
绝对冲击～PLATONIC HEART～ 絶対衝激～プラトニックハート～,https://movie.douban.com/subject/3199464/
魔法少女什么的已经够了啦 第二季 魔法少女なんてもういいですから。セカンドシーズン,https://movie.douban.com/subject/26882408/
画下去 keep drawing,https://movie.douban.com/subject/7053715/
犬神！ THE MOVIE いぬかみっ！ THE MOVIE 特命霊的捜査官・仮名史郎っ！,https://movie.douban.com/subject/2043173/
革神语 アラタ カンガタリ ～革神語～,https://movie.douban.com/subject/20438564/
天体的秩序 OVA 某位少女的假日 天体のメソッド 映像特典 「ある少女の休日」,https://movie.douban.com/subject/26582606/
你好七叶  第二季 はいたい七葉 2 期,https://movie.douban.com/subject/21821715/
童话枪手小红帽 おとぎ銃士 赤ずきん,https://movie.douban.com/subject/2129235/
快杰蒸汽侦探团 快傑蒸気探偵団,https://movie.douban.com/subject/3204571/
失忆融合WIXOSS Lostorage conflated WIXOSS,https://movie.douban.com/subject/26994751/
隔离左右有只鬼 もーれつア太郎,https://movie.douban.com/subject/3725078/
流星LENS OVA 流れ星レンズ,https://movie.douban.com/subject/10736468/
水晶国传说 初次旅行的冒险者们 はじまりの冒険者たち レジェンド・オブ・クリスタニア,https://movie.douban.com/subject/5347153/
恋爱货币 コイ★セント,https://movie.douban.com/subject/5040983/
希望宅邸 TV版 ゆるめいつ 3でぃ,https://movie.douban.com/subject/10535478/
RErideD -跨越时空的德里达- RErideD－刻越えのデリダ－,https://movie.douban.com/subject/30174392/
向山进发 第二季 TV未放送6.5话 ヤマノススメ  新六・五合目 ブラノススメ？,https://movie.douban.com/subject/26184605/
gdgd妖精s,https://movie.douban.com/subject/6968156/
世界第一初恋：横泽隆史的场合 劇場版 世界一初恋 横澤隆史の場合,https://movie.douban.com/subject/20427091/
辛巴德：飞翔公主与秘密之岛 シンドバッド 空とぶ姫と秘密の島,https://movie.douban.com/subject/26310131/
兔宝的悲惨日常 第二季 うーさーのその日暮らし 覚醒編,https://movie.douban.com/subject/25711120/
红 OVA 紅 Kurenai OVA,https://movie.douban.com/subject/4881676/
七鬼神 07-GHOST,https://movie.douban.com/subject/3736737/
最终兵器少女 最終兵器彼女,https://movie.douban.com/subject/1764472/
真·恋姬无双OVA 真・恋姫†無双 群雄、南の島でバカンスをするのこと 〜あと、ポロリもあるよ!〜,https://movie.douban.com/subject/4906413/
ALL OUT!!,https://movie.douban.com/subject/26670583/
品酒要在成为夫妻后 OVA お酒は夫婦になってから OVA,https://movie.douban.com/subject/30371557/
史上最强弟子兼一：美丽的暗杀者 史上最強の弟子ケンイチ 麗しき暗殺者,https://movie.douban.com/subject/20274041/
少年好莱坞 第一季 少年ハリウッド -HOLLY STAGE FOR 49-,https://movie.douban.com/subject/25847367/
可爱的羊驼：带小企鹅回家 Caminandes: Llamigos,https://movie.douban.com/subject/26726981/
潜水镜女孩,https://movie.douban.com/subject/5416024/
漫画家与助手们 OVA6 マンガ家さんとアシスタントさんと お昼寝日和／キレたアシスタント,https://movie.douban.com/subject/26268702/
12岁：小小胸口的怦然心动 第2季 12歳。〜ちっちゃなムネのトキメキ〜 セカンドシーズン,https://movie.douban.com/subject/26860805/
企鹅娘 ペンギン娘,https://movie.douban.com/subject/3026997/
黑礁：罗贝尔特的复仇 Black Lagoon: Roberta's Blood Trail,https://movie.douban.com/subject/4721251/
鲁邦三世新系列 TV未放送第25话 僵尸之城威尼斯 ルパン三世 ヴェニス・オブ・ザ・デッド,https://movie.douban.com/subject/26789135/
斩·赤红之瞳 小剧场 アカ斬る！劇場,https://movie.douban.com/subject/26389468/
黑白小姐 第三季 ミス・モノクローム 3期,https://movie.douban.com/subject/26606865/
恋之天使安琪莉可～心觉醒之时 恋する天使アンジェリーク ～心のめざめる时～,https://movie.douban.com/subject/2129271/
OZMAFIA!!,https://movie.douban.com/subject/26748861/
永恒恋曲 とらいあんぐるハート ～Sweet Songs Forever～,https://movie.douban.com/subject/5209236/
可可露图书馆 ココロ図書館,https://movie.douban.com/subject/2287921/
告诉我！辣妹子酱 OAD おしえて! ギャル子ちゃん OAD,https://movie.douban.com/subject/26987989/
GJ部 特別篇 GJ部@,https://movie.douban.com/subject/25268191/
宿舍不日常,https://movie.douban.com/subject/30140255/
这就是僵尸吗？ これはゾンビですか？,https://movie.douban.com/subject/4845420/
英雄西游 A Hero's Journey to the West,https://movie.douban.com/subject/26996826/
菜菜子解体诊书 菜々子解体診書,https://movie.douban.com/subject/2046395/
亲吻姐姐 Kiss×sis,https://movie.douban.com/subject/4899891/
炼金三级魔法少女 錬金3级 まじかる?ぽか～ん,https://movie.douban.com/subject/2129233/
丽莎和她的朋友们 第二季 The Wild Thornberrys Season 2,https://movie.douban.com/subject/27062771/
少女☆歌剧 Revue Starlight OVA 少女☆歌劇 レヴュースタァライト 未放送エピソード,https://movie.douban.com/subject/33412887/
思念的碎片 想いのかけら,https://movie.douban.com/subject/26761351/
魔神凯撒SKL マジンカイザーSKL,https://movie.douban.com/subject/5193801/
爆烈猎人 元祖爆れつハンター,https://movie.douban.com/subject/2287050/
和爸爸KISS パパとKISS IN THE DARK,https://movie.douban.com/subject/2378649/
心之彼端2 迷宫旅人 ToHeart2 ダンジョントラベラーズ,https://movie.douban.com/subject/6973349/
高岭的单车 タカネの自転車,https://movie.douban.com/subject/3110755/
小飞熊 The Little Flying Bears,https://movie.douban.com/subject/3073333/
时之歌—花与焰的狂想诗,https://movie.douban.com/subject/30409810/
特工次世代 序幕 プロローグ・オブ・BLAME!,https://movie.douban.com/subject/3447637/
战勇OVA：执事长之旅其二 戦勇。 執事長のたび その2,https://movie.douban.com/subject/25772683/
冒险王比特 冒険王ビィト,https://movie.douban.com/subject/3060432/
夜樱四重奏 月之泣 夜桜四重奏 〜ツキニナク〜,https://movie.douban.com/subject/25784294/
精灵宝可梦：皮卡丘的淘气岛 ピカチュウのわんぱくアイランド,https://movie.douban.com/subject/6772966/
打工小哥2 働くお兄さんの2,https://movie.douban.com/subject/30242190/
原野小兵兵 Rugrats Go Wild,https://movie.douban.com/subject/1308536/
人机续篇 ジンキ・エクステンド,https://movie.douban.com/subject/1987997/
战区88 エリア88,https://movie.douban.com/subject/4140119/
心理测量者SS2：第一卫士 PSYCHO-PASS サイコパス Sinners of the System Case.2「First Guardian」,https://movie.douban.com/subject/30163821/
光之美少女全明星豪华版2：希望之光守护彩虹宝石 映画プリキュアオールスターズDX2 希望の光☆レインボージュエルを守れ！,https://movie.douban.com/subject/4191743/
爆笑吸血鬼'99 マスターモスキートン'99,https://movie.douban.com/subject/4291249/
头文字 D OVA 頭文字D Battle Stage,https://movie.douban.com/subject/25864039/
未确认进行式OVA：看，那就是我们要下榻的旅馆哟 未確認で進行形 見て。あれが私たちの泊まっている旅館よ。,https://movie.douban.com/subject/25812279/
云中居三子：溺女婆,https://movie.douban.com/subject/34327264/
约会大作战2 デート・ア・ライブⅡ,https://movie.douban.com/subject/24815944/
这个男子为石化困窘 この男子、石化に悩んでます。,https://movie.douban.com/subject/26200540/
橙子故事,https://movie.douban.com/subject/25865600/
超元气三姐妹 みつどもえ,https://movie.douban.com/subject/4195730/
心理测量者 新剪辑版 PSYCHO-PASS サイコパス 新編集版,https://movie.douban.com/subject/25905737/
异界群敌 代码重组 Z/X Code reunion,https://movie.douban.com/subject/27154748/
魔法美少女 マジカノ,https://movie.douban.com/subject/2129241/
猫猫日记 みかん絵日記,https://movie.douban.com/subject/3278990/
2001夜物语 TO トゥー,https://movie.douban.com/subject/4016491/
命运/冠位指定 × 冰室的天地 ~7位最强伟人篇~ Fate/Grand Order × 氷室の天地～7人の最強偉人篇～,https://movie.douban.com/subject/27600966/
电影 光之美少女 Max Heart 秘密花园 映画 ふたりはプリキュア Max Heart,https://movie.douban.com/subject/3897212/
迷你偶像  第二季 ぷちます! 2期,https://movie.douban.com/subject/25735665/
黑白小姐OVA2 ミス・モノクローム OVA MANAGER,https://movie.douban.com/subject/26004188/
废柴王子 ANIME CARAVAN ダメプリ ANIME CARAVAN,https://movie.douban.com/subject/27097733/
假面英雄 HERO≠MASK,https://movie.douban.com/subject/30371810/
魔法护士小麦 ナースウィッチ小麦ちゃんマジカルて,https://movie.douban.com/subject/3272743/
永远之永恒 第五章 双绝的来复 トワノクオン 第五章 双絶の来復,https://movie.douban.com/subject/10428481/
爆裂天使 －INFINITY－ 爆裂天使-INFINITY-,https://movie.douban.com/subject/4327982/
TARI TARI OVA,https://movie.douban.com/subject/26437122/
竖笛与双肩背包  第三季 リコーダーとランドセル ミ☆,https://movie.douban.com/subject/23066449/
新SOS大东京探险队 新SOS大東京探検隊,https://movie.douban.com/subject/2973282/
克拉斯卡劳埃德 第二季 クラシカロイド 第2シリーズ,https://movie.douban.com/subject/27012369/
独自生活的小学生 ひとり暮らしの小学生,https://movie.douban.com/subject/27154317/
魔法公主明琪桃子 魔法のプリンセス ミンキーモモ,https://movie.douban.com/subject/3875031/
临时女友 ガールフレンド(仮),https://movie.douban.com/subject/25915876/
死后文 未放送话 シゴフミ TV未放送話,https://movie.douban.com/subject/11500955/
玻璃假面 ガラスの仮面,https://movie.douban.com/subject/4115050/
黑街二人组 ノワール,https://movie.douban.com/subject/2239262/
怪医美女RAY RAY THE ANIMATION,https://movie.douban.com/subject/2347235/
剑风传奇 次篇 ベルセルク 次篇,https://movie.douban.com/subject/26876140/
爆弹小新娘 りぜるまいん,https://movie.douban.com/subject/1940521/
零秒出手 BUZZER BEATER,https://movie.douban.com/subject/25922106/
雕塑大卫的出逃 The D in David,https://movie.douban.com/subject/26789189/
血意少年 ブラッドラッド,https://movie.douban.com/subject/11639171/
偶像时间 美妙天堂 アイドルタイムプリパラ,https://movie.douban.com/subject/26985231/
境界的彼方SP 境界の彼方ミニ劇場,https://movie.douban.com/subject/35006490/
叛逆性百万亚瑟王 第二季 叛逆性ミリオンアーサー 第2シーズン,https://movie.douban.com/subject/30335385/
战勇OVA：学园战勇，青春物语 戦勇。 学園戦勇。～青春物語～,https://movie.douban.com/subject/25774774/
魔法小恶魔！ ちび☆デビ！,https://movie.douban.com/subject/6878462/
银河英雄传说外传 决斗者 銀河英雄伝説外伝 決闘者,https://movie.douban.com/subject/3566528/
漫画同人会 こみっくパーティー,https://movie.douban.com/subject/3227920/
哔哩哔哩2016拜年祭,https://movie.douban.com/subject/30419843/
鲁邦三世 ルパンしゃんしぇい,https://movie.douban.com/subject/20431753/
战斗女子学园 バトルガール ハイスクール,https://movie.douban.com/subject/26776159/
氪金玩家,https://movie.douban.com/subject/35304713/
宿身小人,https://movie.douban.com/subject/35206203/
不要撒娇哦!! 喝!! あまえないでよっ!! 喝!!,https://movie.douban.com/subject/2054422/
阿达玛 Adama,https://movie.douban.com/subject/26425630/
熊猫手札,https://movie.douban.com/subject/25884688/
魔法少女伊莉雅 第四季 特典 Fate/kaleid liner プリズマ☆イリヤ ドライ!! 映像特典,https://movie.douban.com/subject/26820452/
噬谎者 嘘喰い 廃坑のテロリスト編,https://movie.douban.com/subject/10800211/
偶像活动 ON PARADE！ アイカツオンパレード！,https://movie.douban.com/subject/34800643/
妖精的尾巴 OAD6 FAIRY TAIL OAD ドキドキ・リュウゼツランド,https://movie.douban.com/subject/24839560/
五段奇迹 Fantasy,https://movie.douban.com/subject/4253424/
绯色的碎片 第二季 緋色の欠片 2期,https://movie.douban.com/subject/10827340/
极光之城,https://movie.douban.com/subject/6539900/
时间旅行少女：真理、和花与8名科学家 タイムトラベル少女～マリ・ワカと8人の科学者たち～,https://movie.douban.com/subject/26820724/
手里剑战队忍忍者VS特急者 THE MOVIE 忍者 IN WONDERLAND 手裏剣戦隊ニンニンジャーVSトッキュウジャー THE MOVIE 忍者・イン・ワンダーランド,https://movie.douban.com/subject/26666172/
武装中学生 バスケットアーミー,https://movie.douban.com/subject/10001442/
日本第一的桃太郎 お伽噺 日本一 桃太郎,https://movie.douban.com/subject/2375922/
天使特警2 キディ・ガーランド,https://movie.douban.com/subject/4030264/
崖上的波妞：配音幕后 Ponyo: Behind the Microphone - The Voices of Ponyo,https://movie.douban.com/subject/35281700/
妖精的尾巴 OAD7 妖精的尾巴X圣石小子 FAIRY TAIL×RAVE,https://movie.douban.com/subject/25706799/
魔法骑士雷阿斯 OVA 魔法骑士レイアースOVA,https://movie.douban.com/subject/3543983/
我是高宫茄乃！ 高宮なすのです! 〜てーきゅうスピンオフ〜,https://movie.douban.com/subject/26282461/
机巧魔神2 アスラクライン2,https://movie.douban.com/subject/4005033/
金属对决 战斗陀螺 メタルファイト ベイブレード,https://movie.douban.com/subject/5150268/
创龙传 創竜伝,https://movie.douban.com/subject/3725959/
我想当第5名 5等になりたい。,https://movie.douban.com/subject/4091326/
高中也疯狂 第一季 High School USA! Season 1,https://movie.douban.com/subject/24868142/
向山进发 TV未放送13话 ヤマノススメ 壁って怖くないの？,https://movie.douban.com/subject/30439554/
乱马 1/2 道场继承者 らんま 1/2 道を継ぐ者,https://movie.douban.com/subject/5040995/
战斗妖精少女 救救我！小Mave 戦闘妖精少女 たすけて! メイヴちゃん,https://movie.douban.com/subject/4183861/
侠猪布塔 BUTA,https://movie.douban.com/subject/10574473/
伏魔小王子 ピグマリオ,https://movie.douban.com/subject/3727342/
彼布利亚古书堂事件手帖(动画剧场版) ビブリア古書堂の事件手帖,https://movie.douban.com/subject/26972677/
幻灵镇魂曲OVA Phantom -PHANTOM THE ANIMATION-,https://movie.douban.com/subject/3446434/
哆啦A梦生日SP：深夜中的巨大哆啦狸猫 ドラえもん誕生日スペシャル 「真夜中の巨大ドラたぬき」,https://movie.douban.com/subject/33458704/
黄金神威 第四季 ゴールデンカムイ 4期,https://movie.douban.com/subject/35304635/
战国☆天堂 极 戦国☆パラダイス -極-,https://movie.douban.com/subject/6888754/
黑执事OVA：幽鬼城杀人事件篇(上卷) 黒執事 Book of Murder 上卷,https://movie.douban.com/subject/25851658/
纯情房东俏房客 圣诞特别篇 ラブひな クリスマススペシャル 〜サイレント・イヴ〜,https://movie.douban.com/subject/5502323/
星图传说 マップス,https://movie.douban.com/subject/2973635/
剧场版 魔法先生！ ANIME FINAL 劇場版 魔法先生ネギま! ANIME FINAL,https://movie.douban.com/subject/5985870/
东京暗鸦 東京レイヴンズ,https://movie.douban.com/subject/20266526/
月尘,https://movie.douban.com/subject/3619076/
漫画家与助手们 マンガ家さんとアシスタントさんと,https://movie.douban.com/subject/25785220/
初恋限定 OVA 限定少女。 限定少女。,https://movie.douban.com/subject/6815103/
腐男子高校生活：运动之秋 烦恼之秋 腐男子高校生活 スポーツの秋 煩悩の秋,https://movie.douban.com/subject/27003525/
叛逆性百万亚瑟王 叛逆性ミリオンアーサー,https://movie.douban.com/subject/30176696/
心理测量者SS3：在恩怨的彼方 PSYCHO-PASS サイコパス Sinners of the System Case.3「恩讐の彼方に＿＿」,https://movie.douban.com/subject/30163822/
机巧少女不会受伤 機巧少女は傷つかない,https://movie.douban.com/subject/21268271/
亚尔斯兰战记 OAD アルスラーン戦記 汗血恋路,https://movie.douban.com/subject/26794190/
战国BASARA 戦国BASARA,https://movie.douban.com/subject/3684022/
装甲娘战机 装甲娘戦機,https://movie.douban.com/subject/33377720/
克拉斯特学院 クラスターエッジ,https://movie.douban.com/subject/1986041/
甜蜜游轮 Calypso Cat,https://movie.douban.com/subject/10502532/
蜜x蜜水果糖 蜜×蜜drops,https://movie.douban.com/subject/3155685/
祝福的钟声 OVA 祝福のカンパネラ OVA,https://movie.douban.com/subject/5387029/
百合星人奈绪子 百合星人ナオコサン,https://movie.douban.com/subject/5298988/
兄弟战争OVA：本命 BROTHERS CONFLICT OVA 本命,https://movie.douban.com/subject/26012038/
博击手刃牙之地下拳王 グラップラー刃牙(バキ),https://movie.douban.com/subject/5975129/
女皇之刃：新的师徒、新的战斗 クイーンズブレイド 新たなる师弟、新たなる闘い,https://movie.douban.com/subject/10574498/
漫画家与助手们 OVA5 マンガ家さんとアシスタントさんと 妹VS編集長,https://movie.douban.com/subject/26219274/
战国无双SP 真田之章 戦国無双SP 真田の章,https://movie.douban.com/subject/25787833/
侦探歌剧 少女福尔摩斯 第3季 探偵オペラ ミルキィホームズ ふたりはミルキィホームズ,https://movie.douban.com/subject/21323282/
白色猎人 第二季 ヴァイスクロイツ・グリーエン,https://movie.douban.com/subject/4120629/
偶像传说英里子 アイドル伝説えり子,https://movie.douban.com/subject/5967283/
铁男 EAT-MAN,https://movie.douban.com/subject/3748081/
黑执事 黒執事,https://movie.douban.com/subject/20505003/
丽莎和她的朋友们 第三季 The Wild Thornberrys Season 3,https://movie.douban.com/subject/27064645/
为了谁的炼金术师 劇場版 誰ガ為のアルケミスト,https://movie.douban.com/subject/30140738/
"Wake Up, Girls! 青春之影 Wake Up, Girls! 青春の影",https://movie.douban.com/subject/26282462/
12岁OVA 第1季 12歳。OVA 第1期,https://movie.douban.com/subject/25861806/
唐老鸭俱乐部 第二季 DuckTales Season 2,https://movie.douban.com/subject/19971698/
虚拟小姐在看着你 バーチャルさんはみている,https://movie.douban.com/subject/30384337/
信长的忍者：伊势·金崎篇 信長の忍び〜伊勢・金ヶ崎篇〜,https://movie.douban.com/subject/27006040/
一起一起这里那里 TV未放送的第13话 あっちこっち PLACE=PRINCESS,https://movie.douban.com/subject/20380332/
枪械少女OVA うぽって!! みあって わらって!!,https://movie.douban.com/subject/11639346/
约会大作战3 デート・ア・ライブⅢ,https://movie.douban.com/subject/27178689/
阿衰 第二季,https://movie.douban.com/subject/35150443/
出来吧小魔神胡帕 おでまし小魔神フーパ,https://movie.douban.com/subject/26691692/
女神候补生 女神候補生,https://movie.douban.com/subject/3406853/
疾暴执行部OVA：禅 WILD ADAPTER OVA -禅-,https://movie.douban.com/subject/25755612/
君临臣下,https://movie.douban.com/subject/26946436/
铁路浪漫谭 レヱル・ロマネスク,https://movie.douban.com/subject/35128790/
玉响 第二季 第8.5话 たまゆら 〜もあぐれっしぶ〜 第8.5話 一日だけの修学旅行、なので,https://movie.douban.com/subject/25905116/
百合熊风暴 ユリ熊嵐,https://movie.douban.com/subject/11598831/
侧车搭档 つうかあ,https://movie.douban.com/subject/27098861/
黑冢 黒塚 -KUROZUKA-,https://movie.douban.com/subject/3626395/
天体的秩序 第17话 另一个愿望 天体のメソッド 第17話『もうひとつの願い』,https://movie.douban.com/subject/34854970/
钢索危情OVA1 タイトロープ 幼なじみは極道一家の跡取り!?,https://movie.douban.com/subject/10553099/
鬼斩 鬼斬,https://movie.douban.com/subject/26762208/
漫研社 第二季 あいまいみー第二幕！,https://movie.douban.com/subject/25863944/
结城友奈是勇者 啾噜！ 結城友奈は勇者である ちゅるっと！,https://movie.douban.com/subject/35087672/
仙乐传说：世界统合篇 テイルズ オブ シンフォニア THE ANIMATION 世界統合編,https://movie.douban.com/subject/6839156/
飞轮少年 黑之羽和沉睡森林 エア・ギア 黒の羽と眠りの森,https://movie.douban.com/subject/4910201/
少女与战车OVA 爱里寿·WAR！ ガールズ&パンツァー 劇場版 映像特典 愛里寿・ウォー！,https://movie.douban.com/subject/26756881/
偶像活动Friends～闪耀的宝石～ アイカツフレンズ！～かがやきのジュエル～,https://movie.douban.com/subject/30458962/
苍天之拳 REGENESIS 蒼天の拳 REGENESIS,https://movie.douban.com/subject/27180921/
听爸爸的话！暖呼呼 パパのいうことを聞きなさい!   ぽっかぽか,https://movie.douban.com/subject/11500326/
武装神姬 月下天使 武装神姫 Moon Angel,https://movie.douban.com/subject/6868631/
缘结熊本 なつなぐ！,https://movie.douban.com/subject/34906723/
分身战士 ALTERATION TAO スクライド オルタレイション TAO,https://movie.douban.com/subject/6791730/
玛雅 Imma Youjo,https://movie.douban.com/subject/35182158/
第一神拳 间柴vs木村 死刑执行 はじめの一歩 OVA 間柴vs木村 死刑執行,https://movie.douban.com/subject/25826949/
快乐星猫 第八季,https://movie.douban.com/subject/26843126/
BALDR FORCE EXE RESOLUTION,https://movie.douban.com/subject/2299718/
黄昏乙女·失忆 黄昏乙女×アムネジア,https://movie.douban.com/subject/10001411/
南无阿弥陀佛！-莲台 UTENA- なむあみだ仏っ！-蓮台 UTENA-,https://movie.douban.com/subject/30409685/
你好七叶 はいたい七葉,https://movie.douban.com/subject/11604056/
血兔 Bloody Bunny,https://movie.douban.com/subject/26810871/
这就是僵尸吗？ 地狱变 第0话 これはゾンビですか? オブ・ザ・デッド 第0話,https://movie.douban.com/subject/10726996/
苹果核战记XIII アップルシード XIII,https://movie.douban.com/subject/5343586/
漫研社 あいまいみー,https://movie.douban.com/subject/20284971/
咕噜咕噜魔法阵‧心跳传说 ドキドキ♡伝説 魔法陣グルグル,https://movie.douban.com/subject/4119266/
战国Collection 戦国コレクション,https://movie.douban.com/subject/10535476/
不思议游戏OVA3：永光传 ふしぎ遊戯 -永光伝-（OVA3）,https://movie.douban.com/subject/3892237/
吸血鬼仆人 -Alice in the Garden- 劇場版 SERVAMP -サーヴァンプ- Alice in the Garden,https://movie.douban.com/subject/27186359/
神无月的巫女 神無月の巫女,https://movie.douban.com/subject/2129383/
啄木鸟侦探所 啄木鳥探偵處,https://movie.douban.com/subject/33377719/
信长的忍者：信长与见习忍者 信長の忍び 0話 信長と見習い忍び,https://movie.douban.com/subject/26933683/
黑执事OVA：幽鬼城杀人事件篇(下卷) 黒執事 Book of Murder 下卷,https://movie.douban.com/subject/26320193/
王者歪传,https://movie.douban.com/subject/27663997/
浦和小调 浦和の調ちゃん,https://movie.douban.com/subject/26125649/
M.D GEIST 装鬼兵MDガイスト,https://movie.douban.com/subject/3778362/
豆豆猫 まめねこ,https://movie.douban.com/subject/27592553/
食梦者 特别篇 バクマン。 スペシャル「デラマン。」,https://movie.douban.com/subject/25862463/
Wish,https://movie.douban.com/subject/5211810/
刀剑神域：序列之争 特典,https://movie.douban.com/subject/34861351/
侦探歌剧 少女福尔摩斯 第4季 探偵歌劇 ミルキィホームズ TD,https://movie.douban.com/subject/25986653/
夜之小双侠 夜ノヤッターマン,https://movie.douban.com/subject/26206747/
森林好小子 OVA 燃える！お兄さん OVA,https://movie.douban.com/subject/4160526/
前说！ まえせつ!,https://movie.douban.com/subject/34456151/
世界第一初恋：情人节篇 世界一初恋 バレンタイン編,https://movie.douban.com/subject/25760575/
超级恋人2 SUPER LOVERS 2,https://movie.douban.com/subject/26900447/
武藏 ~铳之道~ MUSASHI -GUN道,https://movie.douban.com/subject/2057175/
斩兽之刃,https://movie.douban.com/subject/30388283/
向阳素描SP ひだまりスケッチ×SP,https://movie.douban.com/subject/6799189/
飙速宅男 Re:RIDE 弱虫ペダル Re:RIDE,https://movie.douban.com/subject/26035349/
西方善魔女 西の善き魔女,https://movie.douban.com/subject/2065942/
噬血狂袭 ストライク・ザ・ブラッド,https://movie.douban.com/subject/22861406/
漫画家与助手们 OVA4 マンガ家さんとアシスタントさんと かわいいを守ろう,https://movie.douban.com/subject/26012150/
变幻退魔夜行·迦楼罗漫舞·仙台小芥子怨歌 変幻退魔夜行 カルラ舞う！ 仙台小芥子怨歌,https://movie.douban.com/subject/5416015/
猫和老鼠卡通套装 The Tom and Jerry Cartoon Kit,https://movie.douban.com/subject/10502536/
MARGINAL#4 从KISS开始创造Big Bang MARGINAL#4 KISSから創造るBig Bang,https://movie.douban.com/subject/26900446/
我的朋友猪迪克,https://movie.douban.com/subject/25788108/
机兽新世纪：零 ゾイド新世紀／ゼロ,https://movie.douban.com/subject/1939058/
亲吻姐姐OAD Kiss×sis OAD,https://movie.douban.com/subject/3768078/
绝对防卫利维坦 絶対防衛レヴィアタン,https://movie.douban.com/subject/21627766/
复仇天使 アヴェンジャー,https://movie.douban.com/subject/1926364/
水豚汤馆,https://movie.douban.com/subject/35169987/
学园少女突袭者 スクールガールストライカーズ Animation Channel,https://movie.douban.com/subject/26902080/
绝妙侦探☆迷宫 素敵探偵☆ラビリンス,https://movie.douban.com/subject/2332993/
生而为猫,https://movie.douban.com/subject/35954518/
牧场上的少女卡特莉 牧場の少女カトリ,https://movie.douban.com/subject/3714035/
乃木坂春香的秘密Finale♪ 乃木坂春香の秘密 ふぃな～れ♪,https://movie.douban.com/subject/10796650/
咎狗之血 咎狗の血,https://movie.douban.com/subject/4833542/
绿野原迷宫 緑野原迷宮 〜SPARKLING PHANTOM〜,https://movie.douban.com/subject/4888365/
UNDER THE DOG Jumbled,https://movie.douban.com/subject/30232274/
棱镜圣舟 Prism Ark,https://movie.douban.com/subject/2331580/
GO!GO!575,https://movie.douban.com/subject/25772492/
阿松 第二季 おそ松さん 2期,https://movie.douban.com/subject/26993068/
爆旋陀螺G世代 爆転シュート ベイブレード Gレボリューション,https://movie.douban.com/subject/5948611/
青葱,https://movie.douban.com/subject/5450880/
鬼太郎剧场版:日本爆裂 劇場版　ゲゲゲの鬼太郎　日本爆裂!!,https://movie.douban.com/subject/4005338/
人鱼又上钩OAD 波打際のむろみさんOAD,https://movie.douban.com/subject/25703180/
秋山优花里的战车讲座 ガールズ&パンツァー 不肖・秋山優花里の戦車講座,https://movie.douban.com/subject/25862972/
我们的仙境 まほらば～Heartful days,https://movie.douban.com/subject/2287166/
飙速宅男 剧场版 弱虫ペダル 劇場版,https://movie.douban.com/subject/26350539/
精灵宝可梦：皮卡丘与宝可梦乐队 ピカチュウとポケモンおんがくたい,https://movie.douban.com/subject/26348173/
史上最强弟子兼一：铁桥下的破坏神 史上最強の弟子ケンイチ ガード下の破壊神,https://movie.douban.com/subject/25810956/
光之美少女全明星新舞台版2：心之朋友 プリキュアオールスターズ NewStage2 こころのともだち,https://movie.douban.com/subject/20426992/
圣灵破碎者 ガイストクラッシャー,https://movie.douban.com/subject/25738794/
大耳猴 啊啦啦？ チェブラーシカ あれれ？,https://movie.douban.com/subject/4097152/
老板娘是小学生！ 若おかみは小学生！,https://movie.douban.com/subject/30163756/
吸血鬼福尔摩斯 VAMPIRE HOLMES,https://movie.douban.com/subject/26315775/
东京地下城 東京アンダーグラウンド,https://movie.douban.com/subject/2347139/
元素猎人 エレメントハンター,https://movie.douban.com/subject/3807880/
阿尔卑斯物语 我的安列特 アルプス物語 わたしのアンネット,https://movie.douban.com/subject/3714028/
至尊勇者 RPG伝説ヘポイ,https://movie.douban.com/subject/2294315/
玩偶游戏OVA こどものおもちゃOVA,https://movie.douban.com/subject/5975162/
草莓100% SP 唯篇 いちご100% SP,https://movie.douban.com/subject/6521847/
游戏王特别篇：怪兽胶囊 遊☆戯☆王デュエルモンスターズALEX,https://movie.douban.com/subject/4262310/
望实与君雄 OVA2 ノゾ×キミ ブシツのオバケ,https://movie.douban.com/subject/26268536/
向阳素描×☆☆☆ 特别篇 ひだまりスケッチ×☆☆☆ 特別編,https://movie.douban.com/subject/5262324/
惊爆草莓 ストロベリー・パニック,https://movie.douban.com/subject/2049770/
创圣大天使：创星神话篇 劇場版アクエリオン -創星神話篇-,https://movie.douban.com/subject/2237865/
少女与战车OVA 鲷鱼烧·WAR！ ガールズ＆パンツァー タイヤキ・ウォー！,https://movie.douban.com/subject/34929838/
动物侦探 あにゃまる探偵 キルミンずぅ,https://movie.douban.com/subject/3993689/
装鬼兵MD2 装鬼兵MDガイスト2 DEATH FORCE,https://movie.douban.com/subject/4827076/
Phi·Brain 神之谜题 第三季 ファイ・ブレイン 神のパズル  第3期,https://movie.douban.com/subject/19961222/
七人之奈奈 七人のナナ,https://movie.douban.com/subject/3757308/
世嘉硬件女孩 Hi☆sCoool! セハガール,https://movie.douban.com/subject/25969743/
网球并不可笑嘛 第四季 てーきゅう 4期,https://movie.douban.com/subject/25975248/
兔龟 高校网球部 うさかめ,https://movie.douban.com/subject/26762726/
Henry Busse and His Orchestra,https://movie.douban.com/subject/1751945/
蛛网 Loom,https://movie.douban.com/subject/5380899/
我的脑内恋碍选项 俺の脳内選択肢が、学園ラブコメを全力で邪魔している,https://movie.douban.com/subject/22993583/
七合圣石战记：银月之翼 セイクリッドセブン 銀月の翼,https://movie.douban.com/subject/7064687/
红伤骑士X スカーレッドライダーゼクス（ＳＲＸ）,https://movie.douban.com/subject/26776160/
阿尔斯兰战记4 汗血公路 アルスラーン戦記 Ⅳ 汗血公路,https://movie.douban.com/subject/5937989/
键姬物语 永恒爱莉丝轮舞曲 鍵姫物語 永久アリス輪舞曲,https://movie.douban.com/subject/2347130/
千岁 GET YOU ちとせげっちゅ!!,https://movie.douban.com/subject/10771320/
除魔维纳斯 Venus Versus Virus,https://movie.douban.com/subject/3546707/
魔力女管家 特别篇  我回来了◇欢迎回来 まほろまてぃっく 特別編 ～ただいま◇おかえり～,https://movie.douban.com/subject/4016488/
一击杀虫！！小惠惠 一撃殺虫!!ホイホイさん,https://movie.douban.com/subject/4074287/
火焰之旅 炎トリッパー,https://movie.douban.com/subject/4258547/
放学后的Pleiades 放課後のプレアデス,https://movie.douban.com/subject/5352662/
向阳素描 沙英·寻毕业篇 OVA ひだまりスケッチ 沙英・ヒロ卒業編,https://movie.douban.com/subject/21767191/
羈绊一击 キズナ一撃,https://movie.douban.com/subject/5298993/
十九国,https://movie.douban.com/subject/25903826/
帕拉图之链 プラトニックチェーン,https://movie.douban.com/subject/3406799/
灼眼的夏娜炭 灼眼のシャナたん,https://movie.douban.com/subject/25867591/
兔宝的悲惨日常 第三季 うーさーのその日暮らし 夢幻編,https://movie.douban.com/subject/26344694/
新机动战记高达W总集编2 新機動戦記ガンダムW ODD&EVEN NUMBERSオペレーション・メテオⅡ,https://movie.douban.com/subject/5977843/
史上最强弟子兼一：来自俄罗斯的战士 史上最強の弟子ケンイチ ロシアから来た戦士,https://movie.douban.com/subject/25777619/
奇诺之旅：废墟之国 キノの旅 廃墟の国,https://movie.douban.com/subject/26975491/
漫研社 ~Surgical Friends~ あいまいみー～Surgical Friends～,https://movie.douban.com/subject/26942590/
百怪异世说,https://movie.douban.com/subject/27608268/
约会大作战4 デート・ア・ライブIV,https://movie.douban.com/subject/35002367/
喵有卵用,https://movie.douban.com/subject/30183836/
水色 みずいろ,https://movie.douban.com/subject/3024607/
爆笑吸血鬼 マスターモスキートン(OVA),https://movie.douban.com/subject/3048036/
大怪兽RUSH 超级边境 DINO-TANK hunting 大怪獣ラッシュ ウルトラフロンティア DINO-TANK hunting,https://movie.douban.com/subject/25793390/
欢乐课程 HAPPY★LESSON,https://movie.douban.com/subject/2039551/
鬼泣 Devil May Cry,https://movie.douban.com/subject/2130165/
偶像事变 アイドル事変,https://movie.douban.com/subject/26876633/
卡鲁鲁与不可思议之塔 カルルとふしぎな塔,https://movie.douban.com/subject/4903617/
蒲公英 ぽぽたん Po-Po-Tan,https://movie.douban.com/subject/3757355/
B Rappers Street Bラッパーズ ストリート,https://movie.douban.com/subject/30438332/
绝灭危愚少女 絶滅危愚少女 Amazing Twins,https://movie.douban.com/subject/24883680/
魔法少女伊莉雅 第三季 特典 Fate/kaleid liner 2wei Herz！ 映像特典,https://movie.douban.com/subject/27069841/
吉永家的石像怪 吉永さん家のガーゴイル,https://movie.douban.com/subject/2032953/
无限之住人 無限の住人,https://movie.douban.com/subject/3022207/
听爸爸的话 OVA 02 与幽灵共度的春天 パパのいうことを聞きなさい! OVA 02 异人たちとの春,https://movie.douban.com/subject/26356171/
三眼神童 三つ目がとおる テレビ東京版,https://movie.douban.com/subject/5320212/
独角鲸落难记 ワット・ボーとぼくらのお話,https://movie.douban.com/subject/3401240/
魔法少女朱可奈＃1 魔女っ娘つくねちゃん＃1,https://movie.douban.com/subject/4290982/
铁鸥,https://movie.douban.com/subject/30360185/
光頭仔阿丸 つるピカハゲ丸,https://movie.douban.com/subject/3098716/
向魔王伊布罗贾献身吧 魔王イブロギアに身を捧げよ,https://movie.douban.com/subject/35371506/
One Off わんおふ -one off-,https://movie.douban.com/subject/10553046/
闪电宅急送 イナズマデリバリー Season 1,https://movie.douban.com/subject/26979164/
钟之音学院 グリーングリーン,https://movie.douban.com/subject/3272916/
北京御宅 Otaku in Beijing,https://movie.douban.com/subject/5360012/
间奏曲 インタールード,https://movie.douban.com/subject/2162953/
飞吧！篮球,https://movie.douban.com/subject/35335881/
暗芝居 第四季 闇芝居 第4期,https://movie.douban.com/subject/26930173/
"I""s 夏日物语 フロムアイズ ～もうひとつの夏の物語～",https://movie.douban.com/subject/5977878/
虽然是玻璃假面 THE MOVIE 女间谍之恋！紫玫瑰是危险的香味！？ ガラスの仮面ですが THE MOVIE 女スパイの恋！紫のバラは危険な香り!?,https://movie.douban.com/subject/23009827/
黑执事OVA：夏尔的仙境奇旅(上) 黒執事Ⅱ シエル・イン・ワンダーランド(前編),https://movie.douban.com/subject/5384580/
进击的巨人特典：飞翔吧！新生利威尔班 ちみキャラ劇場 とんでけ！新生リヴァイ班,https://movie.douban.com/subject/30486795/
新机动战记高达W总集编1 新機動戦記ガンダムW ODD&EVEN NUMBERSオペレーション・メテオⅠ,https://movie.douban.com/subject/5977842/
初音岛 D.C.if OVA D.C.if 〜ダ・カーポ イフ〜,https://movie.douban.com/subject/6558779/
君望外传: 小茜的狂热追求者～流星传说刚田～ アカネマニアックス〜流れ星伝説剛田〜,https://movie.douban.com/subject/3736775/
天使的尾巴 おとぎストーリー 天使のしっぽ,https://movie.douban.com/subject/3577092/
海贼王 Cry heart ワンピース Cry heart,https://movie.douban.com/subject/25818541/
农林 のうりん,https://movie.douban.com/subject/23066453/
Panyo Panyo 铃铛猫娘 ぱにょぱにょデ・ジ・キャラット,https://movie.douban.com/subject/5948652/
兽装机攻断空我NOVA 獣装機攻ダンクーガノヴァ,https://movie.douban.com/subject/2997428/
我的英雄学院 第5季 僕のヒーローアカデミア 第5期,https://movie.douban.com/subject/35235594/
渣和无用改革 ムダヅモ無き改革,https://movie.douban.com/subject/4202099/
锁链战记 チェインクロニクル 〜ショートアニメ〜,https://movie.douban.com/subject/25932005/
天眼归来,https://movie.douban.com/subject/30206500/
小加速世界 あくちぇる・わーるど。,https://movie.douban.com/subject/21356475/
山田君与7个魔女 OAD2 山田くんと7人の魔女 OAD2,https://movie.douban.com/subject/26274198/
魍魉战记-摩陀罗 魍魎戦記マダラ,https://movie.douban.com/subject/3784474/
宝贝女儿好妈妈之快乐的家庭,https://movie.douban.com/subject/20395272/
甜美旋律 我亲爱的未来 プリティーリズム・ディアマイフューチャー,https://movie.douban.com/subject/10467762/
我的英雄学院  OAD1 解救！救援训练！ 僕のヒーローアカデミア OAD1 救え！救助訓練！,https://movie.douban.com/subject/27029565/
我的英雄学院 OVA2 死亡训练 僕のヒーローアカデミア Training of the Dead,https://movie.douban.com/subject/27076871/
玉响 第一季 第5.5话 たまゆら 〜hitotose〜 第5.5話 あったかい風の想い出、なので,https://movie.douban.com/subject/10736469/
兽神演武 獣神演武-HERO TALES-,https://movie.douban.com/subject/2298613/
千铳士 千銃士,https://movie.douban.com/subject/30179565/
我老婆是学生会长 おくさまが生徒会長!,https://movie.douban.com/subject/26282457/
谜之彼女X 謎の彼女X,https://movie.douban.com/subject/10462908/
三和 みツわの,https://movie.douban.com/subject/25753201/
美妙射击部 ライフル・イズ・ビューティフル,https://movie.douban.com/subject/30354552/
我的女神 - 战斗之翼 ああっ女神さまっ闘う翼,https://movie.douban.com/subject/2978898/
斯特拉的魔法 ステラのまほう,https://movie.douban.com/subject/26761916/
大家集合！ Falcom学园 第二季 みんな集まれ！ファルコム学園 SC,https://movie.douban.com/subject/25960718/
舞武器舞乱伎 星之巨人 ブブキ･ブランキ 星の巨人,https://movie.douban.com/subject/26761917/
锖色护甲 錆色のアーマ,https://movie.douban.com/subject/33984505/
落语天女唯 落語天女おゆい,https://movie.douban.com/subject/2064723/
它是希腊喵 It's Greek to Me-ow!,https://movie.douban.com/subject/10494136/
机动新撰组之萌动之剑 機動新撰組 萌えよ剣,https://movie.douban.com/subject/3278203/
精灵宝可梦：皮卡丘，这是什么钥匙？ ピカチュウ、これなんのカギ？,https://movie.douban.com/subject/25826645/
韦驮天翔 韋駄天翔,https://movie.douban.com/subject/2129396/
棒球大联盟 OVA MAJOR OVA,https://movie.douban.com/subject/5361548/
六三四之剑 青春篇 六三四の剣 青春編,https://movie.douban.com/subject/5948615/
甜蜜偶像 らぶドル ～Lovely Idol～,https://movie.douban.com/subject/2129243/
青春×机关枪 TV年末特别篇《野兽们的战场！》 青春×机关枪 特別編 獣たちの戦場だなっ！,https://movie.douban.com/subject/26698260/
暗芝居 第五季 闇芝居 第5期,https://movie.douban.com/subject/27072641/
盗贼王JING之七重天 王ドロボウJING in Seventh Heaven,https://movie.douban.com/subject/3713731/
侦探歌剧 少女福尔摩斯 Alternative ONE 小林奥帕拉与五幅绘画 探偵オペラ ミルキィホームズ Alternative ONE 〜小林オペラと5枚の絵画〜,https://movie.douban.com/subject/10777721/
小小宠物店 The Littlest Pet Shop,https://movie.douban.com/subject/3759539/
有你的小镇 OAD2 君のいる町〜約束の場所で〜,https://movie.douban.com/subject/25811382/
微热症候群 微熱症候群,https://movie.douban.com/subject/5975346/
网路胜利组OVA ネト充のススメOVA,https://movie.douban.com/subject/34676837/
霹雳城 霹靂城,https://movie.douban.com/subject/10827290/
八神君的家庭事件 八神くんの家庭の事情,https://movie.douban.com/subject/5392076/
精灵宝可梦：皮卡丘的夏天·大桥·故事 ピカチュウのサマー・ブリッジ・ストーリー,https://movie.douban.com/subject/20277260/
小淘气达美欧 丸出だめ夫,https://movie.douban.com/subject/3992225/
闪电十一人GO 3期 银河 イナズマイレブンGO  ギャラクシー,https://movie.douban.com/subject/24551631/
喜欢就是喜欢 好きなものは好きだからしょうがない!!,https://movie.douban.com/subject/1940463/
圆盘皇女 円盤皇女ワるきゅーレ,https://movie.douban.com/subject/1940043/
御宅英语！小缎带～用英语战斗的魔法少女～ マジでオタクなイングリッシュ！りぼんちゃん～ 英語で戦う魔法少女～,https://movie.douban.com/subject/10827178/
花右京女侍队 La Verite 花右京メイド隊 La Vérité,https://movie.douban.com/subject/4024806/
鳄鱼巷 Alligator Alley,https://movie.douban.com/subject/5139735/
重力异想世界 序章 GRAVITY DAZE The Animation ~Ouverture~,https://movie.douban.com/subject/26614135/
钢索危情OVA2 タイトロープ これからもずっと一緒におろな,https://movie.douban.com/subject/10604180/
卡通三明治 第一季 Toon Sandwich Season 1,https://movie.douban.com/subject/27002585/
义风堂堂！直江兼续～前田庆次酒语～ 義風堂々!! 直江兼続 －前田慶次 酒語り－,https://movie.douban.com/subject/24706261/
精灵宝可梦：唱吧，美洛耶塔 寻找梨花果 うたえメロエッタ リンカのみをさがせ,https://movie.douban.com/subject/25691345/
咬屁屁虫 おしりかじり虫,https://movie.douban.com/subject/19961256/
机器人妈妈 ハッピーカムカム,https://movie.douban.com/subject/25924030/
黑执事：那个执事，演出 黒執事 未放送エピソード その執事、興行,https://movie.douban.com/subject/11614286/
快盗天使双胞胎 ～KYUNKYUN☆心跳乐园～ 快盗天使ツインエンジェル キュンキュン☆ときめきパラダイス!!,https://movie.douban.com/subject/5501697/
网球并不可笑嘛 第三季 てーきゅう 3期,https://movie.douban.com/subject/25716105/
ICE,https://movie.douban.com/subject/3017357/
世界征服～谋略之星～新・星大作战 世界征服～謀略のズヴィズダー～ 新・ズヴィズダー大作戦,https://movie.douban.com/subject/25856364/
薄樱鬼总集篇：京都回想录 薄桜鬼 総集編 京都回想録,https://movie.douban.com/subject/25707513/
哈克历险记,https://movie.douban.com/subject/6018985/
星梦手记 アイドルメモリーズ,https://movie.douban.com/subject/26834658/
我是国王大人 ぼくは王さま,https://movie.douban.com/subject/21870523/
无罪的维纳斯 イノセント・ヴィーナス,https://movie.douban.com/subject/1925083/
黑水晶的魔力 The Power of the Dark Crystal,https://movie.douban.com/subject/2024965/
梦王国与沉睡的100名王子 short 夢王国と眠れる100人の王子様 ショート,https://movie.douban.com/subject/26984193/
网球并不可笑嘛 第五季 てーきゅう 5期,https://movie.douban.com/subject/26361632/
新勇者莱丁 REIDEEN,https://movie.douban.com/subject/2052244/
精忠报国,https://movie.douban.com/subject/34925556/
疯狂动画 第二季 Animaniacs Season 2,https://movie.douban.com/subject/35222356/
逮捕令 特别篇2 You're Under Arrest ~逮捕しちゃうぞ~,https://movie.douban.com/subject/25865622/
喜羊羊与灰太狼之喜羊羊趣味教育系列,https://movie.douban.com/subject/26378075/
网球并不可笑嘛 第六季 てーきゅう 6期,https://movie.douban.com/subject/26591463/
黑执事OVA：夏尔的仙境奇旅(下) 黒執事Ⅱ シエル・イン・ワンダーランド(後編),https://movie.douban.com/subject/5384581/
舌尖上的意大利 ピアシェ~私のイタリアン~,https://movie.douban.com/subject/26899177/
火箭少女 ロケットガール,https://movie.douban.com/subject/2332966/
恐龙冒险记 恐竜冒険記ジュラトリッパー,https://movie.douban.com/subject/3204568/
电影 FRESH光之美少女！玩具王国有很多秘密！？ 映画 フレッシュプリキュア! おもちゃの国は秘密がいっぱい!?,https://movie.douban.com/subject/4016497/
生命之书2 The Book of Life 2,https://movie.douban.com/subject/27070080/
第一神拳 TV特别篇 冠军之路 はじめの一歩 TVスペシャル Champion Road,https://movie.douban.com/subject/5205948/
美男高校地球防卫部HAPPY KISS! 美男高校地球防衛部HAPPY KISS！,https://movie.douban.com/subject/27619801/
哔哩哔哩2017拜年祭,https://movie.douban.com/subject/30419841/
B型H系,https://movie.douban.com/subject/4195725/
拉格纳强袭天使 ラグナストライクエンジェルズ,https://movie.douban.com/subject/26761912/
寿司警察 SUSHI POLICE,https://movie.douban.com/subject/26703161/
黑执事OVA：死神威尔的故事 黒執事Ⅱ 死神ウィルの物語,https://movie.douban.com/subject/5387011/
东京食尸鬼：JACK 東京喰種トーキョーグール JACK,https://movie.douban.com/subject/26354098/
遇见一只獾 Meet Meline,https://movie.douban.com/subject/4751783/
生化体 ジェネレイターガウル,https://movie.douban.com/subject/3130497/
四叶 OVA 第1话 よつのは OVA 第1話,https://movie.douban.com/subject/3011970/
守护月天 OVA 伝心 まもって守護月天!,https://movie.douban.com/subject/3048040/
关于我转生变成史莱姆这档事 OAD 転生したらスライムだった件 OAD,https://movie.douban.com/subject/30447592/
相对世界 ソウタイセカイ,https://movie.douban.com/subject/27005310/
快乐星猫 第六季,https://movie.douban.com/subject/26336605/
同班同学 永恒回忆 ToHeart Remember my memories,https://movie.douban.com/subject/3717668/
魔法提琴手 ハーメルンのバイオリン弾き,https://movie.douban.com/subject/2988934/
未确认进行式 OAD 未確認で進行形 鴨肉って緑っぽい味がするのね,https://movie.douban.com/subject/25856426/
叔比狗与武士剑 Scooby-Doo and the Samurai Sword,https://movie.douban.com/subject/4936769/
地狱幼稚园 地獄ようちえん,https://movie.douban.com/subject/20470103/
阿奇之臆想世界 Archie's Weird Mysteries,https://movie.douban.com/subject/5147588/
超魔人 Zetman,https://movie.douban.com/subject/6894261/
数码兽大冒险3D 数码兽大奖赛 デジモンアドベンチャー3D デジモングランプリ,https://movie.douban.com/subject/24708471/
恋爱禁止的世界 OAD 恋と嘘 OAD,https://movie.douban.com/subject/30447827/
橘子酱男孩剧场版 「映画」ママレード・ボーイ,https://movie.douban.com/subject/5975165/
大侠西尔万 Sylvan,https://movie.douban.com/subject/5501680/
变态！ へんたい！,https://movie.douban.com/subject/25928797/
竖笛与双肩背包OAD リコーダーとランドセル OAD,https://movie.douban.com/subject/23230190/
神圣十月 セイントオクトーバー 〜深淵の戒律〜,https://movie.douban.com/subject/2049759/
向日葵 ひまわりっ!,https://movie.douban.com/subject/3024247/
红头巾查查OVA 赤ずきんチャチャ OVA,https://movie.douban.com/subject/5975147/
GATE 奇幻自卫队 ゲート 自衛隊 彼の地にて、斯く戦えり,https://movie.douban.com/subject/26287113/
最终骑士 エンドライド,https://movie.douban.com/subject/26748842/
刃牙：大擂台赛的传说 バキ 大擂台賽編,https://movie.douban.com/subject/35075217/
一骑当千 一騎当千,https://movie.douban.com/subject/2000271/
七都市物语 ~北极海战线~ 七都市物語 ～北極海戦線～,https://movie.douban.com/subject/5948668/
美少女超人真琴 ショーヨノイド真琴ちゃん,https://movie.douban.com/subject/5975363/
"Wake Up, Girls! 新章",https://movie.douban.com/subject/26933234/
进击的巨人特典：飞翔吧！训练兵团 ちみキャラ劇場 とんでけ！訓練兵団,https://movie.douban.com/subject/25735926/
犬神同学和猫山同学 OVA 犬神さんと猫山さん 猫山さんと温泉旅行,https://movie.douban.com/subject/25982478/
GA 艺术科美术设计班 OVA 我想画的蓝天 GA 芸術科アートデザインクラス OVA 青空が描きたい,https://movie.douban.com/subject/4942763/
创圣大天使：一发逆转篇 劇場版アクエリオン -壱発逆転篇-,https://movie.douban.com/subject/3080837/
群居姐妹 TV未放送 第13话 だんちがい OVA 十三号棟 銭湯行きたいー!!,https://movie.douban.com/subject/26635361/
潮与虎 第二季 うしおととら,https://movie.douban.com/subject/35287842/
新恋爱白书 Boys be...,https://movie.douban.com/subject/1927206/
吸血鬼同盟 ダンス イン ザ ヴァンパイアバンド,https://movie.douban.com/subject/4016501/
Lady 宝石宠物 レディ ジュエルペット,https://movie.douban.com/subject/25862953/
魔法护士小麦R ナースウィッチ小麦ちゃんR,https://movie.douban.com/subject/26663562/
坠入恋爱的瞬间 연애하루전,https://movie.douban.com/subject/30345217/
境界线上的地平线Ⅱ 境界線上のホライゾンⅡ,https://movie.douban.com/subject/6091376/
失忆症 OVA AMNESIA OVA,https://movie.douban.com/subject/25844441/
请叫我小熊猫,https://movie.douban.com/subject/34984303/
我的英雄学院 第6季 僕のヒーローアカデミア 第6期,https://movie.douban.com/subject/35708032/
1日外出录班长 1日外出録ハンチョウ,https://movie.douban.com/subject/30337963/
Colorful カラフル,https://movie.douban.com/subject/5948570/
黑执事OVA：欢迎来到凡多姆海威宅邸 黒執事Ⅱ ファントムハイヴ家へようこそ,https://movie.douban.com/subject/5387009/
望实与君雄 OVA3 ノゾ×キミ フタリのコドウ,https://movie.douban.com/subject/26330446/
高校星歌剧OVA スタミュOVA,https://movie.douban.com/subject/26895969/
HELLO KITTY 世界名著之睡美人等 サンリオ世界名作映画館　ハローキティ魔法の森のお姫さま他,https://movie.douban.com/subject/5948575/
尸兄第二季：我叫白小飞,https://movie.douban.com/subject/26369686/
八十龟酱观察日记 八十亀ちゃんかんさつにっき,https://movie.douban.com/subject/30394592/
快盗天使BREAK ツインエンジェルBREAK,https://movie.douban.com/subject/26945866/
佛陀再诞 仏陀再誕,https://movie.douban.com/subject/4103023/
四叶 OVA 第2话 よつのは OVA 第2話,https://movie.douban.com/subject/3011971/
朝雾的巫女 朝霧の巫女,https://movie.douban.com/subject/3543710/
秘密結社 鷹の爪 MAX,https://movie.douban.com/subject/22620141/
OVA 美男高校地球防衛部LOVE！LOVE！LOVE！,https://movie.douban.com/subject/27034593/
钢琴恋曲 Piano,https://movie.douban.com/subject/2340858/
维他命X ADDICTION VitaminX Addiction,https://movie.douban.com/subject/5919560/
双生灵探,https://movie.douban.com/subject/26883060/
平成警察 へ～せいポリスメン!!,https://movie.douban.com/subject/23851824/
声优战队VoiceStorm7 声優戦隊ボイストーム7,https://movie.douban.com/subject/24883766/
崩坏3 reburn,https://movie.douban.com/subject/27160672/
雨色可可 第二季 雨色ココア Rainy colorへようこそ！,https://movie.douban.com/subject/26436481/
若叶女孩 TV未放送 第14话 わかば*ガール OVA: 温泉につかりたい,https://movie.douban.com/subject/26647990/
可爱的露西 南の虹のルーシー,https://movie.douban.com/subject/3714021/
幻影死神 ブギーポップは笑わない,https://movie.douban.com/subject/4133348/
约会大作战：万由里审判 劇場版 デート・ア・ライブ 万由里ジャッジメント,https://movie.douban.com/subject/25907003/
四月一日三姐妹之家庭故事 四月一日さん家の,https://movie.douban.com/subject/30465848/
魔法学园 Spheres,https://movie.douban.com/subject/20438784/
学级活动！ 第2季 ガッ活！ 第2シリーズ,https://movie.douban.com/subject/20453032/
星之海的爱玛丽 星の海のアムリ,https://movie.douban.com/subject/3060555/
相扑力士松太郎 暴れん坊力士!! 松太郎,https://movie.douban.com/subject/25835310/
刚巴的大冒险 ガンバの冒険,https://movie.douban.com/subject/5308315/
永不消失的彩虹 Gift 〜ギフト〜 eternal rainbow,https://movie.douban.com/subject/2057168/
东郭小节,https://movie.douban.com/subject/26951608/
东京食尸鬼：PINTO 東京喰種トーキョーグール PINTO,https://movie.douban.com/subject/26576700/
永恒传说 テイルズ オブエターニア,https://movie.douban.com/subject/4070628/
我是小粘粘 ぺとぺとさん,https://movie.douban.com/subject/2153463/
黑执事OVA：蜘蛛的意图 黒執事Ⅱ 蜘蛛の意図,https://movie.douban.com/subject/6436759/
性愛の里 北海道秘宝館~その耽美な世界~,https://movie.douban.com/subject/27048436/
哈姆太郎 第四季 とっとこハム太郎 でちゅ,https://movie.douban.com/subject/5996843/
百万偶像 ミリオンドール,https://movie.douban.com/subject/26324177/
东京妖怪图鉴 くつだる。,https://movie.douban.com/subject/25856363/
艾尔之光 엘소드: 엘의 여인,https://movie.douban.com/subject/30276511/
时间飞船24 タイムボカン24,https://movie.douban.com/subject/26761910/
超～短篇 光之美少女全明星 GoGo Dream Live！ ちょ～短編 プリキュアオールスターズ GoGoドリームライブ！,https://movie.douban.com/subject/3281081/
十五少年漂流记 十五少年漂流記,https://movie.douban.com/subject/3609021/
同级生 同·級·生,https://movie.douban.com/subject/3222861/
LOVE LOVE,https://movie.douban.com/subject/4275452/
梦之祭 ドリフェス!,https://movie.douban.com/subject/26820727/
奥丁领域 Odin Sphere,https://movie.douban.com/subject/5450837/
紧扣的星星（后篇） くっつきぼし(後編),https://movie.douban.com/subject/4881678/
传统艺继承部 だぶるじぇい,https://movie.douban.com/subject/6425083/
暗黑武神传 暗黒神伝承 武神,https://movie.douban.com/subject/3728408/
无限斯特拉托斯2 IS＜インフィニット・ストラトス＞2,https://movie.douban.com/subject/22790445/
异兽魔都 第二季 ドロヘドロ 2期,https://movie.douban.com/subject/35028938/
我喜欢你铃木君 好きです铃木くん OVA1,https://movie.douban.com/subject/6126513/
战勇OVA：勇者被殴打 戦勇。 第1.1話 勇者、殴られる。,https://movie.douban.com/subject/25739180/
东月西阳 月は東に日は西に 〜Operation Sanctuary〜,https://movie.douban.com/subject/2062972/
雨色可可 第三季 雨色ココア in Hawaii,https://movie.douban.com/subject/26831253/
打工声优！take.2 こえでおしごと！take.2,https://movie.douban.com/subject/6393342/
管家后宫学园 れでぃ×ばと！,https://movie.douban.com/subject/4111478/
灵界基友2床仙,https://movie.douban.com/subject/26995018/
超时空要塞30周年音乐选 MACROSS 30 TH Music Clips,https://movie.douban.com/subject/5135389/
阿尔斯兰战记3 东之城、西之城 アルスラーン戦記 Ⅲ 東の城、西の城,https://movie.douban.com/subject/5937988/
兜兜都知道,https://movie.douban.com/subject/26842644/
美妙旋律 All Star Selection プリティーリズム・オールスターセレクション,https://movie.douban.com/subject/25817079/
金童卡修：机械巴鲁刚的来袭 金色のガッシュベル!! メカバルカンの来襲,https://movie.douban.com/subject/5209250/
希望宅邸 TV版 第二季 ゆるめいつ 3でぃ PLUS,https://movie.douban.com/subject/11516694/
"Wake Up, Girls! 超越深限 Wake Up, Girls! Beyond the Bottom",https://movie.douban.com/subject/26348171/
架向星空之桥 OVA 星空へ架かる橋 OVA,https://movie.douban.com/subject/10728452/
香蕉喵 不可思议的伙伴们 ばなにゃ ふしぎななかまたち,https://movie.douban.com/subject/34788129/
超人公寓 住めば都のコスモス荘 すっとこ大戦ドッコイダー,https://movie.douban.com/subject/3060439/
光之美少女 春日嘉年华 プリキュアオールスターズ 春のカーニバル♪,https://movie.douban.com/subject/26266734/
记忆U盘,https://movie.douban.com/subject/30279876/
爱神巧克力进行时,https://movie.douban.com/subject/26680596/
英国一家，吃在正月 英国一家、正月を食べる,https://movie.douban.com/subject/26675777/
偶像活动 第四年 アイカツ!4年目,https://movie.douban.com/subject/30148199/
怪物猎人日记 岌岌可危的猫猫村G モンハン日記 ぎりぎりアイルー村G,https://movie.douban.com/subject/6939555/
史上最强弟子兼一：从中国来的少女 史上最強の弟子ケンイチ 中国から来た少女,https://movie.douban.com/subject/20274040/
魔弹之王与战姬迷你角色剧场：堤格尔君与战姬亲 魔弾の王と戦姫 ミニキャラ劇場 ティグルくんとヴァナディーちゅ,https://movie.douban.com/subject/26088455/
境界线上的地平线Ⅲ 境界線上のホライゾンⅢ,https://movie.douban.com/subject/20441333/
在魔王城说晚安 迷你剧场 魔王城でおやすみ ミニアニメ,https://movie.douban.com/subject/35234602/
猴兔超人 うさるさん,https://movie.douban.com/subject/4043771/
侍铳 サムライガン,https://movie.douban.com/subject/1940503/
怪盗丽娅 怪盗レーニャ,https://movie.douban.com/subject/4176691/
神不在的星期天OVA：记忆 神さまのいない日曜日 記憶,https://movie.douban.com/subject/25824762/
每日JK企划 毎日JK企画,https://movie.douban.com/subject/27102077/
心之彼端2 adnext ToHeart2 adnext,https://movie.douban.com/subject/5040984/
大草原的小天使 可爱的小狐猴 大草原の小さな天使 ブッシュベイビー,https://movie.douban.com/subject/3095386/
幻想叙谭艾尔西亚 幻想叙譚エルシア,https://movie.douban.com/subject/3429045/
海岸物语 あじむ海岸物語,https://movie.douban.com/subject/4710516/
偶像大师 灰姑娘女孩剧场 第一季 シンデレラガールズ劇場,https://movie.douban.com/subject/26894607/
不受欢迎之家 ひもてはうす,https://movie.douban.com/subject/27597060/
Slow Start スロウスタート,https://movie.douban.com/subject/27038876/
普通女高中生要做当地偶像 OVA 普通の女子校生が【ろこどる】やってみた。 流川、案内してみた。,https://movie.douban.com/subject/25921789/
影 影Shadow,https://movie.douban.com/subject/4202114/
纯洁的玛利亚 純潔のマリア,https://movie.douban.com/subject/25743054/
最后大魔王 いちばんうしろの大魔王,https://movie.douban.com/subject/4176566/
史上最强弟子兼一：美丽之翼 史上最強の弟子ケンイチ 美しき翼,https://movie.douban.com/subject/25698211/
火燵猫 こたつねこ,https://movie.douban.com/subject/4074161/
copihan こぴはん,https://movie.douban.com/subject/6383539/
Active Raid 机动强袭室第八组 第二季 アクティヴレイド  機動強襲室第八係 2nd,https://movie.douban.com/subject/26774132/
Clione的灯光 クリオネの灯り,https://movie.douban.com/subject/26999588/
战国FAN,https://movie.douban.com/subject/26864154/
创星大天使 創星のアクエリオン,https://movie.douban.com/subject/6729980/
第一神拳 TV未放送 第76话：拳王之拳(OVA) はじめの一歩 THE FIGHTING! Round 76 ボクサーの拳,https://movie.douban.com/subject/26235434/
足球小将剧场版：最强之敌荷兰青年军 キャプテン翼 最強の敵! オランダユース,https://movie.douban.com/subject/25912938/
心之彼端2 OVA OVA ToHeart2,https://movie.douban.com/subject/2051781/
少女的秘密心事 ないしょのつぼみ,https://movie.douban.com/subject/6852376/
绝处逢声 絕處逢聲,https://movie.douban.com/subject/35633199/
DYNAMIC CHORD,https://movie.douban.com/subject/27005313/
新撰组异闻录 铁 前篇 想道 PEACE MAKER 鐵 前篇～想道～,https://movie.douban.com/subject/27178806/
威尔贝鲁物语 第二季 ウエルベールの物語 〜Sisters of Wellber〜 第二幕,https://movie.douban.com/subject/2363954/
恋之魔法波波糖 まもって! ロリポップ,https://movie.douban.com/subject/2129240/
长今之梦 장금이의 꿈,https://movie.douban.com/subject/2303071/
那就是声优 特别篇 それが声優！特別編 プチ打ち上げ,https://movie.douban.com/subject/26761348/
水母的食堂 クラゲの食堂,https://movie.douban.com/subject/25884577/
新撰组异闻录 铁 后篇 友命 PEACE MAKER 鐵 後篇～友命～,https://movie.douban.com/subject/27178807/
魔物娘的医生 モンスター娘のお医者さん,https://movie.douban.com/subject/34925230/
我的女神 OAD2 ああっ女神さまっ ハンターズ&ハンターズ,https://movie.douban.com/subject/25708529/
心之彼端2 adplus ToHeart2 ダンジョントラベラーズ,https://movie.douban.com/subject/3740242/
天才麻将少女：阿知贺篇 特别篇「玄的生日」 咲-Saki- 阿知賀編 episode of side-A 特別編「玄の誕生日」,https://movie.douban.com/subject/26348972/
萝莉的时间 2学期 こどものじかん 2学期 1科目,https://movie.douban.com/subject/3543664/
金童卡修：101号魔物 金色のガッシュベル!! 101番目の魔物,https://movie.douban.com/subject/3768027/
小精灵 pixies,https://movie.douban.com/subject/26551305/
网球并不可笑嘛 第七季 てーきゅう 7期,https://movie.douban.com/subject/26680409/
骷髅人 スカルマン,https://movie.douban.com/subject/2049773/
魔法少女伊莉雅 第三季 Fate/kaleid liner プリズマ☆イリヤ ツヴァイ ヘルツ！,https://movie.douban.com/subject/25984797/
㚻片现场 Shooting Porn,https://movie.douban.com/subject/5109041/
动画未来2014 アニメミライ2014,https://movie.douban.com/subject/26317168/
黑执事特别篇：田中先生回忆语录 黒執事 タナカのナレーションで振り返る『黒執事』前半戦ダイジェスト,https://movie.douban.com/subject/10487261/
美男战国◆虽然穿越时空却没有开始恋爱 イケメン戦国◆時をかけるが恋は始まらない,https://movie.douban.com/subject/27072639/
进击的巨人特典：飞翔吧！新生利威尔班 Part.2 ちみキャラ劇場 とんでけ！新生リヴァイ班 Part.2,https://movie.douban.com/subject/34846502/
夏色的砂时计 夏色の砂时计,https://movie.douban.com/subject/3778237/
生存游戏社 さばげぶっ！,https://movie.douban.com/subject/25716106/
探险托里兰托 探検ドリランド,https://movie.douban.com/subject/10785517/
最游记RELOAD BLAST 最遊記 RELOAD BLAST,https://movie.douban.com/subject/26951500/
摩登大自然,https://movie.douban.com/subject/30323787/
牙斗兽娘 キリングバイツ,https://movie.douban.com/subject/26990175/
战斗吧歌姬！第一季,https://movie.douban.com/subject/30364833/
宝石宠物 Happiness ジュエルペット ハッピネス,https://movie.douban.com/subject/23370499/
星色Girl Drop 星色ガールドロップ,https://movie.douban.com/subject/30181418/
约会大作战5 デート・ア・ライブ Ⅴ,https://movie.douban.com/subject/35943355/
落下生,https://movie.douban.com/subject/35326294/
武士的魂 武士の魂,https://movie.douban.com/subject/26844654/
我的英雄学院：世界英雄任务 僕のヒーローアカデミア THE MOVIE ワールド ヒーローズ ミッション,https://movie.douban.com/subject/35277296/
圣学园天使 天使なんかじゃない,https://movie.douban.com/subject/5975137/
是魔法使的话就吃味噌！ 魔法使いなら味噌を喰え！,https://movie.douban.com/subject/10767528/
暗杀教室 剧场版 365天的时光 劇場版 暗殺教室 365日の時間,https://movie.douban.com/subject/26832519/
怪怪守护神 つぐもも,https://movie.douban.com/subject/26876634/
救命，我变成了一条狗,https://movie.douban.com/subject/26794434/
GAMBA与伙伴们的大冒险 GAMBA ガンバと仲間たち,https://movie.douban.com/subject/26384867/
魔力女管家 まほろまてぃっく,https://movie.douban.com/subject/2157200/
求求你，吃我吧,https://movie.douban.com/subject/26820532/
希望宅邸 第二弹 ゆるめいつ は？,https://movie.douban.com/subject/6037976/
卡罗尔 CAROL,https://movie.douban.com/subject/4219786/
女装正太 PICO～我的夏季小物语 pico～ぼくの小さな夏物語～,https://movie.douban.com/subject/3535950/
黄金神威 OAD ゴールデンカムイ OAD,https://movie.douban.com/subject/30258123/
型男恋爱王国 オレ様キングダム,https://movie.douban.com/subject/6849050/
COCOLORS,https://movie.douban.com/subject/27593830/
300大作战 グラマラスヒーローズ-Glamorous Heroes-,https://movie.douban.com/subject/27130365/
柠檬天使计划 Lemon Angel Project,https://movie.douban.com/subject/2129244/
万古仙穹 第一季,https://movie.douban.com/subject/27028874/
简单易懂魔法科！ よくわかる魔法科！,https://movie.douban.com/subject/25834954/
HIGH SCORE ハイスコア,https://movie.douban.com/subject/6971311/
1+2 = Paradise 1＋2＝パラダイス,https://movie.douban.com/subject/4267363/
动画未来2012 アニメミライ2012,https://movie.douban.com/subject/10583856/
暗杀教室 Episode:0 相遇的时间 暗殺教室 Episode:0 出会いの時間,https://movie.douban.com/subject/26357649/
きよねこっ,https://movie.douban.com/subject/36166114/
黑执事OVA：黑执事2制作特辑 黒執事Ⅱ MAKING OF KUROSHITSUJI II,https://movie.douban.com/subject/25851767/
超级恋人 OAD1 SUPER LOVERS OAD1,https://movie.douban.com/subject/26967887/
世界黑暗图鉴 世界の闇図鑑,https://movie.douban.com/subject/26994750/
Q变形金刚 归来的擎天柱之谜 キュートランスフォーマー 帰ってきたコンボイの謎,https://movie.douban.com/subject/26283297/
皆中！ カイチュー！,https://movie.douban.com/subject/4913202/
暗杀教室Q 殺せんせーQ（クエスト）！,https://movie.douban.com/subject/26832520/
约会大作战 OVA デート・ア・ライブ DATE TO DATE,https://movie.douban.com/subject/23715305/
浪漫时钟 ロマンチカクロック,https://movie.douban.com/subject/25800888/
禽兽超人之无奸不摧,https://movie.douban.com/subject/26841316/
诡水疑云,https://movie.douban.com/subject/26556380/
奇异太郎少年的妖怪绘日记：女难的祭典日 奇異太郎少年の妖怪絵日記 女難の祭日,https://movie.douban.com/subject/26987976/
绝对可怜小孩~爱多憎生！被夺走的未来？ 絶対可怜チルドレン  中学生編 OVA,https://movie.douban.com/subject/4253451/
断裁分离的罪恶之剪 断裁分離のクライムエッジ,https://movie.douban.com/subject/20391234/
奈奈与薫的日记 ナナとカオル,https://movie.douban.com/subject/5345382/
至高指令 ビッグオーダー,https://movie.douban.com/subject/26663228/
樱花树下的时间胶囊 サクラカプセル,https://movie.douban.com/subject/25986682/
十三支演义 偃月三国传 外传 幽州幻夜 十三支演義 〜偃月三国伝〜 外伝 幽州幻夜,https://movie.douban.com/subject/25866285/
爱与魔法 はぴねす！,https://movie.douban.com/subject/2057186/
漂亮男孩 Be-Boy Kidnapping Idol,https://movie.douban.com/subject/2378653/
黄金神威 OAD2 ゴールデンカムイ OAD2,https://movie.douban.com/subject/30385359/
少女爱上姐姐 乙女はお姉さまに恋してる,https://movie.douban.com/subject/2071674/
迷你浜虎 ミニはま,https://movie.douban.com/subject/26680671/
你是主啊我是仆 君が主で執事が俺で,https://movie.douban.com/subject/2377608/
猴尘 第三季 Monkey Dust Season 3,https://movie.douban.com/subject/22024682/
东南特卫队,https://movie.douban.com/subject/30327668/
暗杀教室 课外授业篇 暗殺教室 第2期 課外授業編,https://movie.douban.com/subject/26830047/
约会大作战2 OVA デート・ア・ライブⅡ 狂三スターフェスティバル,https://movie.douban.com/subject/26279211/
钢铁交响乐 はがねオーケストラ,https://movie.douban.com/subject/26925696/
我的女神 OAD3 ああっ女神さまっ OAD3 DIVE！LIVE！LOVE！,https://movie.douban.com/subject/24381024/
出包王女 OVA To LOVEる OVA,https://movie.douban.com/subject/3711714/
千年寻,https://movie.douban.com/subject/26275702/
Go!Go!家电男子 Go!Go!家電男子,https://movie.douban.com/subject/24773949/
公主请小心 姫様ご用心,https://movie.douban.com/subject/2338296/
数码兽拯救者3D 数码世界危在旦夕! デジモンセイバーズ3D デジタルワールド危機イッパツ！,https://movie.douban.com/subject/24714570/
黄金神威 OAD3 ゴールデンカムイ OAD3,https://movie.douban.com/subject/30489360/
宇宙战舰大和号2199 第六章 “到达！大麦哲伦” 宇宙戦艦ヤマト2199 第六章「到達！大マゼラン」,https://movie.douban.com/subject/24017229/
12岁OVA 第2季 12歳。OVA 第2期,https://movie.douban.com/subject/26588853/
"Wake Up, Girl ZOO! うぇいくあっぷがーるZOO!",https://movie.douban.com/subject/25955420/
探险托里兰托：千年真宝 探検ドリランド -1000年の真宝-,https://movie.douban.com/subject/21891862/
闪光的夜袭 閃光のナイトレイド,https://movie.douban.com/subject/4246127/
我的碧可 3 ぼくのぴこ 3 ぴこ×CoCo×ちこ,https://movie.douban.com/subject/26582786/
穿透幻影的太阳 TV未放送第14话 幻影ヲ駆ケル太陽 番外編 踏み込めない心,https://movie.douban.com/subject/25773992/
哔哩哔哩2015拜年祭,https://movie.douban.com/subject/30419845/
古代王者 恐龙王 古代王者 恐竜キング,https://movie.douban.com/subject/4225860/
红莲 第二幕 暗 紅蓮 第二幕 闇,https://movie.douban.com/subject/3193521/
万古仙穹 第二季,https://movie.douban.com/subject/30176274/
红莲 第三幕 炎 紅蓮 第三幕 炎,https://movie.douban.com/subject/3193524/
御先祖赞江 御先祖賛江,https://movie.douban.com/subject/11587459/
王蓝莓的生活日常,https://movie.douban.com/subject/35296077/
鬼牌游戏SP1：黑猫约尔的冒险（前篇） ジョーカー・ゲーム SP.1 黒猫ヨルの冒険（前編）,https://movie.douban.com/subject/26822095/
群居姐妹 だんちがい,https://movie.douban.com/subject/26329430/
黄金神威 OAD4 ゴールデンカムイ OAD4,https://movie.douban.com/subject/34996987/
爱米 第一季 ラブ米-WE LOVE RICE-,https://movie.douban.com/subject/26963237/
天使的3P！ 天使の3P!,https://movie.douban.com/subject/26887113/
豆子杀手 Killer Bean 2: The Party,https://movie.douban.com/subject/2146927/
魔法少女朱可奈＃6 魔女っ娘つくねちゃん＃6,https://movie.douban.com/subject/4291308/
红飞机历险记 As Aventuras do Avião Vermelho,https://movie.douban.com/subject/27171757/
无能老爸 ダメおやじ,https://movie.douban.com/subject/26631162/
东京ESP 東京ESP,https://movie.douban.com/subject/24534412/
小鱼人莫叽姆斯一家,https://movie.douban.com/subject/30409541/
请别忧伤了二之宫君 ご愁傷さま二ノ宮くん,https://movie.douban.com/subject/3893398/
电影 光之美少女Splash Star 滴嗒危机一发 映画 ふたりはプリキュア Splash Star チクタク危機一髪!,https://movie.douban.com/subject/5318639/
一发失误！！S フォルト!!S(サービス)~新たなる恋敵(ライバル)~,https://movie.douban.com/subject/26429887/
豆小鸭迷你小冒险,https://movie.douban.com/subject/30394655/
帅气女朋友 ハンサムな彼女,https://movie.douban.com/subject/5969316/
卡利古拉 Caligula -カリギュラ-,https://movie.douban.com/subject/27186357/
战国奇谭 妖刀传 剧场版 戦国奇譚 妖刀伝 劇場版,https://movie.douban.com/subject/25867586/
混沌之子 SILENT SKY CHAOS;CHILD SILENT SKY,https://movie.douban.com/subject/27008399/
女武神行星 プラネットワルキューレ,https://movie.douban.com/subject/25799033/
继怪怪守护神 継つぐもも,https://movie.douban.com/subject/33379431/
无瑕之夜 ステンレスナイト,https://movie.douban.com/subject/25922142/
欢乐课程 ADVANCE HAPPY★LESSON ADVANCE,https://movie.douban.com/subject/4286623/
极乐院女子高寮物语 ゴクジョッ。〜極楽院女子高寮物語〜,https://movie.douban.com/subject/10461382/
噬血狂袭 女武神的王国篇 ストライク・ザ・ブラッド ヴァルキュリアの王国篇,https://movie.douban.com/subject/26344700/
妖精的旋律特别篇 阵雨中，或者， 少女是如何产生 那种心情的呢？ エルフェンリート OVA ～通り雨にて 或いは、少女はいかにしてその心情に至ったか?～,https://movie.douban.com/subject/26322766/
鬼牌游戏SP2：黑猫约尔的冒险（后篇） ジョーカー・ゲーム SP.2 黒猫ヨルの冒険（後編）,https://movie.douban.com/subject/26822094/
沙漠漫游者 Sand Wanderer,https://movie.douban.com/subject/33425896/
肯普法 fur die Liebe けんぷファー fur die Liebe,https://movie.douban.com/subject/5416083/
DAYS 東院学園戦,https://movie.douban.com/subject/26937482/
生死回放,https://movie.douban.com/subject/26887059/
纸箱战机W ダンボール戦機W,https://movie.douban.com/subject/10748053/
驰风！赛艇王 モンキーターン,https://movie.douban.com/subject/3773932/
黄龙之耳 黄龍の耳,https://movie.douban.com/subject/5975163/
只有神知道的世界OAD 神のみぞ知るセカイOAD,https://movie.douban.com/subject/5040985/
依丝卡 ISUCA,https://movie.douban.com/subject/25909171/
"美少女战士十周年纪念 Pretty Soldier Sailor Moon, 10th Anniversary Festival: Ai no sanctuary",https://movie.douban.com/subject/3506186/
东京食尸鬼 特典 東京喰種とーきょーぐ～る,https://movie.douban.com/subject/26268676/
私立荒矶高等学校生徒会执行部 私立荒磯高等学校生徒会執行部,https://movie.douban.com/subject/3543911/
大力金刚,https://movie.douban.com/subject/26317304/
食戟之灵 餐之皿 OVA 极星寮的绘里奈 食戟のソーマ 餐ノ皿 極星寮のえりな,https://movie.douban.com/subject/30217466/
樱花忍法帖 バジリスク 桜花忍法帖,https://movie.douban.com/subject/27101956/
时季轮转 东京车站 時季は巡る～TOKYO STATION～,https://movie.douban.com/subject/25853711/
超机甲发明小子 超発明BOYカニパン,https://movie.douban.com/subject/3586718/
黑白双翼 ヴァイス サヴァイヴ,https://movie.douban.com/subject/3813935/
时尚魔女LOVE & BERRY 幸福的魔法 オシャレ魔女♥ラブandベリー しあわせのまほう,https://movie.douban.com/subject/3326601/
与魔共舞 剧场版 Dance with Devils Fortuna,https://movie.douban.com/subject/26966581/
魔法巧克力专门店 ショコラの魔法 OVA,https://movie.douban.com/subject/5387012/
萌菌物语 DVD特典,https://movie.douban.com/subject/3732185/
可爱大宣言！第二季 カッコカワイイ宣言！ 2nd Season,https://movie.douban.com/subject/6815098/
老师的时间Gold せんせいのお時間 ご～るど,https://movie.douban.com/subject/4101480/
超级恋人 OAD2 SUPER LOVERS OAD2,https://movie.douban.com/subject/27148216/
低俗灵 Ghost Talker's Daydream,https://movie.douban.com/subject/1919765/
漫画家与助手们 OVA3 マンガ家さんとアシスタントさんと デートでお勉強,https://movie.douban.com/subject/25969184/
银河公主传说Yuna～哀伤的海妖塞壬～ 銀河お嬢様伝説ユナ～哀しみのセイレーン～,https://movie.douban.com/subject/3870926/
超次元游戏 海王星 TV未放送第13话 超次元ゲイム ネプテューヌ 約束の永遠,https://movie.douban.com/subject/25853076/
Ben 10：歼灭所有外星人 Ben 10：Destroy All Aliens,https://movie.douban.com/subject/24850025/
想成为世界最强 世界でいちばん強くなりたい！,https://movie.douban.com/subject/23166725/
豆小鸭探险小窍门,https://movie.douban.com/subject/30394657/
死囚乐园 OAD デッドマン・ワンダーランド OAD,https://movie.douban.com/subject/6858776/
你还是不懂群马 お前はまだグンマを知らない,https://movie.douban.com/subject/30140019/
哈哈大冒险,https://movie.douban.com/subject/27622821/
向阳素描OVA ひだまり スケッチ 特別編,https://movie.douban.com/subject/2305534/
彩叶草之梦 転生したらスライムだった件 コリウスの夢,https://movie.douban.com/subject/36272019/
女子高中生 女子高生 GIRL’S-HIGH,https://movie.douban.com/subject/2251684/
杀戮幻影 -从零开始的反叛- ファントムオブキルーZEROからの反逆ー,https://movie.douban.com/subject/26811772/
我的脑内恋碍选项OVA 俺の脳内選択肢が、学園ラブコメを全力で邪魔している OVA,https://movie.douban.com/subject/25764419/
夜间动物园 第一季 Night Zookeeper Season 1,https://movie.douban.com/subject/35216067/
同级生 同級生 夏の終わりに,https://movie.douban.com/subject/5115836/
加油！露露落落 がんばれ！ルルロロ,https://movie.douban.com/subject/20277337/
咬屁股虫 2 おしりかじり虫 シリーズ2,https://movie.douban.com/subject/25745637/
青春水球社 ハンツー×トラッシュ,https://movie.douban.com/subject/26644068/
黄昏乙女·失忆：退魔乙女 黄昏乙女×アムネジア 退魔乙女,https://movie.douban.com/subject/11639335/
海老天：公立海老栖川高校天闷部 えびてん 公立海老栖川高校天悶部,https://movie.douban.com/subject/10527224/
狂乱家族日记 狂乱家族日記,https://movie.douban.com/subject/3035531/
舞-乙HiME Zwei 第3話「縞の舞／乙女の迷宮」,https://movie.douban.com/subject/2272652/
伊万王子和灰狼 Иван Царевич и Серый Волк,https://movie.douban.com/subject/10354875/
特公 TOKKO 特公,https://movie.douban.com/subject/2363813/
戒魔人,https://movie.douban.com/subject/26784959/
精灵宝可梦：我们是皮丘兄弟 ぼくたちピチューブラザーズ,https://movie.douban.com/subject/5975309/
青鬼～真·动画～ あおおに～じ·あにめぇしょん～,https://movie.douban.com/subject/26882310/
可爱巧虎岛,https://movie.douban.com/subject/35558877/
维纳斯计划 VENUS PROJECT -CLIMAX-,https://movie.douban.com/subject/26340120/
翠星之加尔刚蒂亚：继续巡游的航路，向着远方(后篇) 翠星のガルガンティア めぐる航路、遥か 後編,https://movie.douban.com/subject/26043816/
玛丽莫之花~最强武斗派小学生传说~ まりもの花 ～最強武闘派小学生伝説～,https://movie.douban.com/subject/11523250/
税務調査官 窓際太郎の事件簿 21,https://movie.douban.com/subject/26844656/
午夜凶兔,https://movie.douban.com/subject/5350020/
"菲尔莫洛伊的极端动画 ""Ironside"" The Armageddon Gang",https://movie.douban.com/subject/2376335/
痛哭的噩梦 恸哭のナイトメア,https://movie.douban.com/subject/21329075/
六三四之剑 六三四の剣,https://movie.douban.com/subject/4189636/
犬勇者物语 第二季 DOG DAYS´,https://movie.douban.com/subject/6969148/
欢乐课程 THE FINAL HAPPY☆LESSON THE FINAL,https://movie.douban.com/subject/5948608/
欧尔麦特：崛起 All Might Rising,https://movie.douban.com/subject/33379583/
有你的小镇：黄昏交叉点 OAD2 君のいる町〜黄昏交差点〜 OAD2,https://movie.douban.com/subject/10467756/
芬格林 最后的雨林2：魔法救援 FernGully 2: The Magical Rescue,https://movie.douban.com/subject/5106938/
茶啊二中叭叭叭,https://movie.douban.com/subject/30359242/
Dororon炎魔君熊熊燃烧 Dororonえん魔くん メ～ラめら,https://movie.douban.com/subject/5397542/
快盗天使双胞胎 OVA 上 快盗天使ツインエンジェル 上巻,https://movie.douban.com/subject/3249765/
我的英雄学院 My Hero Academia,https://movie.douban.com/subject/30362311/
向阳素描×365 特别篇 ひだまりスケッチ×365 特別編,https://movie.douban.com/subject/4022088/
彼岸岛X 彼岸島X,https://movie.douban.com/subject/26985887/
翡翠森林狼与羊 羁绊篇 あらしのよるに ひみつのともだち シアターセレクション きずな編,https://movie.douban.com/subject/21263526/
独眼巨人少女斎枫～ サイクロプス少女さいぷ〜,https://movie.douban.com/subject/21348044/
歌之☆王子殿下 真爱2000% TV未放送第14话 うたの☆プリンスさまっ♪ マジLOVE2000% 第14話TV未放送回,https://movie.douban.com/subject/25802596/
笨蛋·测验·召唤兽 特典 バカとテストと召喚獣 特典,https://movie.douban.com/subject/26994986/
黄金神威 小剧场 ゴールデン道画劇場,https://movie.douban.com/subject/34962689/
强吻 つよきす,https://movie.douban.com/subject/1940328/
薄樱鬼 黎明录 番外篇 薄桜鬼 黎明録 特典 夏のわずらい/永倉新八最強伝説,https://movie.douban.com/subject/25825424/
额外加分 Extra Credits,https://movie.douban.com/subject/26577523/
农场小牛牛 FarmKids,https://movie.douban.com/subject/3571466/
面包咪咪 食パンミミー,https://movie.douban.com/subject/5288853/
魔力女管家2 まほろまてぃっく〜もっと美しいもの〜,https://movie.douban.com/subject/5977825/
绝望粉碎少女∞亚米妲,https://movie.douban.com/subject/35176665/
我的英雄学院 OVA3 活下去！生与死的生存训练 僕のヒーローアカデミア 生き残れ！決死のサバイバル訓練,https://movie.douban.com/subject/35190840/
黄金神威 小剧场 第二季 ゴールデン道画劇場 2期,https://movie.douban.com/subject/34962692/
22/7 SP. 8+3=？,https://movie.douban.com/subject/35230955/
机巧少女不会受伤 特典 機巧少女は傷つかない映像特典,https://movie.douban.com/subject/26304194/
迷你乌贼娘 ミニイカ娘 ショートストーリー,https://movie.douban.com/subject/26860070/
人类衰退之后特典：人类的妖精笔记 人類は衰退しました 人間さんの、ようせいさんめも,https://movie.douban.com/subject/25864065/
犬勇者物语 第三季 DOG DAYS'',https://movie.douban.com/subject/20399248/
分解世界 Disintegration,https://movie.douban.com/subject/26980008/
中国成语故事,https://movie.douban.com/subject/26593844/
软式网球社 そふてにっ,https://movie.douban.com/subject/5349394/
我们大家的河合庄 小剧场 僕らはみんな河合荘 シロさんと俺,https://movie.douban.com/subject/25969185/
时光诡域,https://movie.douban.com/subject/26687564/
选择破坏者WIXOSS 劇場版selector destructed WIXOSS,https://movie.douban.com/subject/26370977/
笑傲昙天外传：樱华，天望架桥 曇天に笑う〈外伝〉〜桜華、天望の架橋〜,https://movie.douban.com/subject/27596874/
阿尔斯兰战记 征马孤影 アルスラーン戦記 征馬孤影,https://movie.douban.com/subject/5937990/
民间鬼术 第1季,https://movie.douban.com/subject/26426763/
宇宙战舰提拉米斯 EX 宇宙戦艦ティラミス 未放送話,https://movie.douban.com/subject/30258121/
同人哆啦A梦：大雄的喜马拉雅行进记,https://movie.douban.com/subject/30237614/
挖,https://movie.douban.com/subject/26341768/
图书馆战争：恋之障碍 図書館戦争 状況♥♥  恋ノ障害,https://movie.douban.com/subject/26735291/
Trivia Quest,https://movie.douban.com/subject/35840270/
探探猫之奇幻马戏团,https://movie.douban.com/subject/27199858/
飞翔的魔女 小剧场 ふらいんぐうぃっち ぷち,https://movie.douban.com/subject/26897416/
贱鸡行事 第一季,https://movie.douban.com/subject/26324968/
石墙侠与暴动侠：终极高潮 Stonewall and Riot: The Ultimate Orgasm,https://movie.douban.com/subject/3638062/
猫拉面：我的酱油味 猫ラーメン 俺の醤油味,https://movie.douban.com/subject/25767157/
黑白小姐OVA ミス・モノクローム OVA サッカー篇 SUPPORTER,https://movie.douban.com/subject/25909229/
闪乱神乐 忍者大师 东京妖魔篇 閃乱カグラ SHINOVI MASTER 東京妖魔篇,https://movie.douban.com/subject/27107626/
大正小小先生 大正ちっちゃいさん,https://movie.douban.com/subject/27148400/
闪乱神乐 夏日对决 -充满泳装的前夜祭- 閃乱カグラ ESTIVAL VERSUS -水着だらけの前夜祭-,https://movie.douban.com/subject/26219277/
野良耳2 のらみみ2,https://movie.douban.com/subject/3199467/
上官海铃,https://movie.douban.com/subject/24844991/
R-15 欢迎来到女王大人的教室 OVA  少年漂流記,https://movie.douban.com/subject/11625301/
红美与郁金香 クミとチューリップ,https://movie.douban.com/subject/25924032/
地元是日本 ジモトがジャパン,https://movie.douban.com/subject/30411328/
旋风管家OAD ハヤテのごとく！OVA,https://movie.douban.com/subject/25850291/
杂乱魔方 SCRAMBLED,https://movie.douban.com/subject/30366426/
十二国记 图南之翼 十二国记 図南の翼,https://movie.douban.com/subject/26087994/
八月的棒球甜心 第13话 八月のシンデレラナイン 第13話,https://movie.douban.com/subject/35606002/
龙之山 Dragon Hill. La colina del dragón,https://movie.douban.com/subject/3178564/
鲁邦三世新系列 TV未放送第26话 生死时速 ルパン三世 ノンストップランデブー,https://movie.douban.com/subject/26979012/
麻雀酒店 スパロウズホテル,https://movie.douban.com/subject/21355787/
真田十勇士第一部 戦国英雄伝説 新釈 眞田十勇士 The Animation,https://movie.douban.com/subject/3131851/
动画店长×东方Project アニメ店長×東方Project,https://movie.douban.com/subject/5296287/
如果有○○就好了。 ○○さえいればいい。,https://movie.douban.com/subject/34979465/
生存游戏社 OVA さばげぶっ！OVA,https://movie.douban.com/subject/25957230/
光与水的女神 光と水のダフネ,https://movie.douban.com/subject/2327549/
别撒娇了！ あまえないでよっ!!,https://movie.douban.com/subject/2239643/
动画未来2015 アニメミライ2015,https://movie.douban.com/subject/26317176/
天生兔女郎 うさぎちゃんでCue!!,https://movie.douban.com/subject/5360031/
新选组镇魂歌 二分之一 ちるらん にぶんの壱,https://movie.douban.com/subject/26897053/
动画未来2013 アニメミライ2013,https://movie.douban.com/subject/26317165/
青春战士 青春戰士,https://movie.douban.com/subject/7062586/
大叔与棉花糖：日下先生和梦之棉花糖 おじさんとマシュマロ 日下さんと夢マシュマロ,https://movie.douban.com/subject/26775562/
亲爱一族 DearS,https://movie.douban.com/subject/3022662/
高校星歌剧OVA2 スタミュOVA2,https://movie.douban.com/subject/26895970/
最后的三月 最後の三月,https://movie.douban.com/subject/26344513/
死亡自行车 velodrool,https://movie.douban.com/subject/26992334/
Dia Horizon ディアホライゾン（被）,https://movie.douban.com/subject/27109239/
狐狸特工 SpyFox,https://movie.douban.com/subject/25251345/
少女们向荒野进发 OVA 少女たちは荒野を目指す OVA,https://movie.douban.com/subject/26643909/
有你的小镇 OAD1 君のいる町〜ウチがきた町〜,https://movie.douban.com/subject/25811381/
萌马吼吼,https://movie.douban.com/subject/35633534/
玉家典当铺 たまぽんず,https://movie.douban.com/subject/26955907/
小蘑菇大冒险：森林守护者 Mush-Mush and the Mushables - episode The Guardian of the Forest,https://movie.douban.com/subject/35805744/
spelunker先生,https://movie.douban.com/subject/5996828/
刀剑乱舞-花丸- ～幕间回想录～ 刀剣乱舞-花丸- ～幕間回想録～,https://movie.douban.com/subject/27157766/
暖暖日记 第三季 ぼのぼの,https://movie.douban.com/subject/35150187/
战国BASARA2  OVA 戦国BASARA2 OVA,https://movie.douban.com/subject/6748093/
Angel エンジェル,https://movie.douban.com/subject/5968836/
怪物王女OAD3：孤岛王女 孤岛王女,https://movie.douban.com/subject/6844865/
唱歌足球熊猫Mifanda 歌うサッカーパンダ ミファンダ,https://movie.douban.com/subject/35081462/
最游记OVA 希望的罪过 幻想魔伝 最遊記 -希望の罪過-,https://movie.douban.com/subject/26954659/
无鼻艳后奇遇记 Nez en moins disait Cléopâtre,https://movie.douban.com/subject/27118060/
法外制裁者OAD3 コード:ブレイカー OAD3,https://movie.douban.com/subject/24700919/
海月姬 映像特典 英雄列传 海月姫 英雄列伝,https://movie.douban.com/subject/24843363/
法外制裁者OAD2 コード:ブレイカー OAD2,https://movie.douban.com/subject/24532101/
女生万岁 第二季 GIRLSブラボー second season,https://movie.douban.com/subject/25866494/
极乐院女子高寮物语 TV未放送话 ゴクジョッ。〜極楽院女子高寮物語〜 そうだ温泉にいこう!!,https://movie.douban.com/subject/25745693/
Keroro军曹武者Kero苏醒的勇者是也 ケロロ軍曹 武者ケロせれくしょん でござ候 上ノ巻,https://movie.douban.com/subject/5045674/
浦岛坂田船的日常 浦島坂田船の日常,https://movie.douban.com/subject/34841414/
侦探歌剧 少女福尔摩斯 Alternative TWO 小林奥帕拉与虚空的大鸦 探偵オペラ ミルキィホームズ Alternative TWO 小林オペラと虚空の大鴉,https://movie.douban.com/subject/19962701/
婚纱小天使之失忆战记 ウェディングピーチDX,https://movie.douban.com/subject/5349409/
初音岛 Extra 魔法少女芳乃樱 D.C. エクステ 魔法少女さくら,https://movie.douban.com/subject/4728532/
让我们烧吧！！！,https://movie.douban.com/subject/30150695/
国民老公带回家第四季,https://movie.douban.com/subject/30345460/
动作女主：水果应援团 アクションヒロイン チアフルーツ,https://movie.douban.com/subject/26961132/
雨色可可 第四季 雨色ココアシリーズ「あめこん！」,https://movie.douban.com/subject/27133254/
D咖邪恶联盟 The League of Super Evil,https://movie.douban.com/subject/5172360/
飙速宅男 Re:GENERATION 弱虫ペダル Re:GENERATION,https://movie.douban.com/subject/27102087/
LibraryCross∞,https://movie.douban.com/subject/27135557/
辛巴达：魔法神灯和移动之岛 シンドバッド 魔法のランプと動く島,https://movie.douban.com/subject/26615378/
Internet Explorer: The Anime,https://movie.douban.com/subject/25864040/
自由战士：射线 第二季 Freedom Fighters: The Ray Season 2,https://movie.douban.com/subject/30348633/
死灵编码 第二季,https://movie.douban.com/subject/25929757/
手机少女 ケータイ少女,https://movie.douban.com/subject/2303069/
Clip Cult Vol. 1: Exploding Cinema,https://movie.douban.com/subject/3287310/
校园搞怪王 Angelo Rules - The Spitball Wars,https://movie.douban.com/subject/20392604/
BLAME! 续篇,https://movie.douban.com/subject/27072326/
敌人是海盗- 猫们的飨宴 敵は海賊 ～猫たちの饗宴～,https://movie.douban.com/subject/5965520/
飞车纪元：钢铁的天使,https://movie.douban.com/subject/26356870/
開運！大便小僧,https://movie.douban.com/subject/6900115/
没有心跳的少女 完结篇 BEATLESS Final Stage,https://movie.douban.com/subject/30253157/
午夜单车 Night Spinning,https://movie.douban.com/subject/30442343/
零花 Rayca,https://movie.douban.com/subject/3264734/
滨虎 剧场版 Fw: ハマトラ,https://movie.douban.com/subject/26680672/
日穿校园 Cross School,https://movie.douban.com/subject/4731063/
魔性之线 OAD デビルズライン OAD,https://movie.douban.com/subject/30258097/
这位姐姐很虚幻 このお姉さんはフィクションです!?,https://movie.douban.com/subject/30219568/
Last Time in Clerkenwell,https://movie.douban.com/subject/4913489/
花千谷,https://movie.douban.com/subject/34947517/
密会の宿10  禁じられた愛 北鎌倉悲恋殺人,https://movie.douban.com/subject/26844655/
星海镖师,https://movie.douban.com/subject/26794436/
蒼蠅拍拍拍 fly,https://movie.douban.com/subject/5320648/
勒若斯5号 Neurosi 5: Momento,https://movie.douban.com/subject/35181050/
印ストール,https://movie.douban.com/subject/5962273/
皆中！第二季 カイチュー！二期,https://movie.douban.com/subject/6890732/
创伤 Обида,https://movie.douban.com/subject/26584538/
奇瓦士猎人 1-2-3 シーバス1-2-3,https://movie.douban.com/subject/5975379/
好朋友 シリーズ おともだち,https://movie.douban.com/subject/26694997/
白菜 白菜アニメ,https://movie.douban.com/subject/25662564/
BUSINESS FISH ビジネスフィッシュ,https://movie.douban.com/subject/34442127/
训练营 第一季 Camp Camp Season 1,https://movie.douban.com/subject/26985530/
彼得与狼,https://movie.douban.com/subject/26912459/
酷酷的发现 Cool Things to Find,https://movie.douban.com/subject/35597591/
无责任银河☆泰勒 無責任ギャラクシー☆タイラー,https://movie.douban.com/subject/27068919/
圣光不好惹,https://movie.douban.com/subject/27006158/
Sonic: Night of the Werehog,https://movie.douban.com/subject/6865852/
太乙仙魔录之灵飞纪剧场版,https://movie.douban.com/subject/26995722/
蚊子 Mosquito,https://movie.douban.com/subject/30433283/
恶魔凶手 Demon Slayer,https://movie.douban.com/subject/5127565/
挺身而出 Upstander,https://movie.douban.com/subject/35143383/
Cosplay总动员,https://movie.douban.com/subject/34992792/
喀喀喀的鬼太郎 妖怪特快车!魔幻火车 ゲゲゲの鬼太郎 妖怪特急！まぼろしの汽車,https://movie.douban.com/subject/6835250/
极速战警 妮娜&玲 危险地带 エクスドライバー Nina&Rei Danger Zone,https://movie.douban.com/subject/5392077/
zoo mix,https://movie.douban.com/subject/20399249/
カガリヒバナ,https://movie.douban.com/subject/35681058/
暗夜时代剧：甚助之耳 闇夜の時代劇 甚助の耳,https://movie.douban.com/subject/5313391/
小王子 Der kleine Prinz,https://movie.douban.com/subject/5121449/
军人少女SP 偶然消灭的白光！ みりたりSP たまたま消滅する白き光！,https://movie.douban.com/subject/26416755/
同居男闺蜜,https://movie.douban.com/subject/27622767/
442oons,https://movie.douban.com/subject/35076624/
给未来的信～从这条路上开始～ みらいへの手紙～この道の途中から～,https://movie.douban.com/subject/26728552/
ガラクタの町,https://movie.douban.com/subject/25862966/
不如二次元彻底消失,https://movie.douban.com/subject/27063453/
秘密結社 鷹の爪 THE MOVIE3 ～http://鷹の爪.jp は永遠に～,https://movie.douban.com/subject/4249357/
加油！赶路人 第一季,https://movie.douban.com/subject/33428743/
苏-27出击,https://movie.douban.com/subject/34800593/
调味公寓,https://movie.douban.com/subject/30313976/
最终试验鲸鱼 Progressive 最終試験くじら Progressive,https://movie.douban.com/subject/25867565/
PONKOTSUKUESUTO ~魔王和派遣的魔物们~ ポンコツクエスト〜魔王と派遣の魔物たち〜,https://movie.douban.com/subject/26869123/
Werner - Beinhart!,https://movie.douban.com/subject/3448342/
鬼太郎 大海兽 ゲゲゲの鬼太郎 大海獣,https://movie.douban.com/subject/5155090/
得而复失的王陵,https://movie.douban.com/subject/26852436/
GOLDING,https://movie.douban.com/subject/25755584/
ノクターンブギ,https://movie.douban.com/subject/35144453/
暴走战国史 暴走戦国史,https://movie.douban.com/subject/5968896/
战国BASARA 第二季 总集篇 戦国BASARA弐 宴EDITION,https://movie.douban.com/subject/26287407/
沙漠之海贼！队长汤饭 砂漠の海賊！ キャプテンクッパ,https://movie.douban.com/subject/5977820/
爱美大作战2 OLヴィジュアル系2,https://movie.douban.com/subject/4030437/
Cargo Cult,https://movie.douban.com/subject/25831970/
角斗士学校 La Película,https://movie.douban.com/subject/3025694/
贫嘴金刚阿波罗 第一季 Apollo Gauntlet Season 1,https://movie.douban.com/subject/27092222/
L’Île Noire,https://movie.douban.com/subject/26260721/
西恩的星球 Planet Sheen,https://movie.douban.com/subject/5165304/
琴浦さん 春香の部屋,https://movie.douban.com/subject/26309230/
寺井友纪 幻游夏威夷 テライユキ in バーチャルハワイ,https://movie.douban.com/subject/5392048/
狂欢三宝电影: 娃克的愿望 Wakko's Wish,https://movie.douban.com/subject/5099206/
声优条子 声優刑事,https://movie.douban.com/subject/6778702/
噗利噗利奇酱!! プリプリちぃちゃん!!,https://movie.douban.com/subject/27056225/
秘密結社 鷹の爪 THE MOVIE II ～私を愛した黒烏龍茶～,https://movie.douban.com/subject/4016486/
忘れ星,https://movie.douban.com/subject/25978345/
直感×运算法则♪ 直感×アルゴリズム♪,https://movie.douban.com/subject/27013591/
草裙舞女孩☆Petit フライングベイビーズ☆プチ,https://movie.douban.com/subject/34964118/
BOSANIMAL ぼさにまる,https://movie.douban.com/subject/36286993/
秘密結社 鷹の爪 THE MOVIE ～総統は二度死ぬ～,https://movie.douban.com/subject/4963394/
立虫团/tibi gatya man/动物小战士剧场,https://movie.douban.com/subject/5332629/
鸡场物语,https://movie.douban.com/subject/3008299/
The Scourge of Worlds: A Dungeons & Dragons Adventure,https://movie.douban.com/subject/1450061/
L'Incal,https://movie.douban.com/subject/4172595/
La valle dell'eco tonante,https://movie.douban.com/subject/10454780/
Ben 10,https://movie.douban.com/subject/6799312/
アンパンマンが生まれた日,https://movie.douban.com/subject/20495774/
宠物宝贝之风之谷 Cuccioli - Il paese del vento,https://movie.douban.com/subject/27145166/
苏纳和玛努的趣味生活 おかしなさばくのスナとマヌ,https://movie.douban.com/subject/35312396/
绿绿星球之绿绿战队,https://movie.douban.com/subject/35970284/
Beat Angel,https://movie.douban.com/subject/5136497/
ザ☆ドラえもんズ ドキドキ機関車大爆走！,https://movie.douban.com/subject/5977801/
神秘公寓 鬼球DoubleX：六个预言 신비아파트 고스트볼 더블X: 6개의 예언,https://movie.douban.com/subject/35633200/
律师 布施辰治 弁護士 布施辰治,https://movie.douban.com/subject/10343010/
卡多派对,https://movie.douban.com/subject/35925174/
女士幼儿园 Pani z przedszkola,https://movie.douban.com/subject/27089461/
蔡六,https://movie.douban.com/subject/25969748/
悪魔の花嫁,https://movie.douban.com/subject/26665804/
新妹,https://movie.douban.com/subject/27605529/
The Secret Files of the SpyDogs,https://movie.douban.com/subject/5088390/
Angel Blade,https://movie.douban.com/subject/26320770/
神秘公寓444号 신비아파트 444호,https://movie.douban.com/subject/35560121/
Barbie and the Rockers: Out of This World,https://movie.douban.com/subject/20388654/
