id,title,douban_link
452,镇魂街 第四季,https://movie.douban.com/subject/36638253/
618,一拳超人 第三季 ワンパンマン 3,https://movie.douban.com/subject/34604875/
679,狐妖小红娘 镜花缘篇,https://movie.douban.com/subject/36515737/
704,元尊,https://movie.douban.com/subject/35764578/
756,哑舍,https://movie.douban.com/subject/36053650/
777,冰上的尤里 第二季 ユーリ!!! on ICE 2,https://movie.douban.com/subject/27017358/
785,六样情,https://movie.douban.com/subject/37040084/
805,仙武传 第一季,https://movie.douban.com/subject/36025654/
821,少女天使 Angel's Friends - Tra sogno e realtà,https://movie.douban.com/subject/25782738/
824,神墓 第二季,https://movie.douban.com/subject/36119131/
832,沧元图 东宁府番外篇,https://movie.douban.com/subject/36895532/
873,平凡职业造就世界最强 第三季 ありふれた職業で世界最強 3期,https://movie.douban.com/subject/36093292/
898,我是大神仙 第三季,https://movie.douban.com/subject/36053745/
904,魔法少女小圆：沃普尔吉斯的回天 劇場版 魔法少女まどか☆マギカ 〈ワルプルギスの廻天〉,https://movie.douban.com/subject/35316478/
908,三国杀：太平天书,https://movie.douban.com/subject/36053750/
920,百炼成神,https://movie.douban.com/subject/36093323/
922,朔风—破阵子,https://movie.douban.com/subject/35131875/
950,遮天 年番2,https://movie.douban.com/subject/36848875/
983,少年白马醉春风2,https://movie.douban.com/subject/36502165/
995,吞噬星空 第5季,https://movie.douban.com/subject/36985220/
1030,永生之气壮山河,https://movie.douban.com/subject/36590019/
1066,敖丙传,https://movie.douban.com/subject/34953681/
1114,西行纪年番,https://movie.douban.com/subject/36053751/
1158,白色闪电,https://movie.douban.com/subject/35705835/
1159,我独自升级 第二季 俺だけレベルアップな件Season 2 -Arise from the Shadow-,https://movie.douban.com/subject/36837352/
1175,永生之海噬仙灵,https://movie.douban.com/subject/36832646/
1189,大主宰年番,https://movie.douban.com/subject/35517453/
1190,画江湖之不良人7,https://movie.douban.com/subject/36406476/
1197,师兄啊师兄 年番1,https://movie.douban.com/subject/36876923/
1206,万界独尊,https://movie.douban.com/subject/35426411/
1210,汉化日记 第四季,https://movie.douban.com/subject/36140938/
1220,亏成首富从游戏开始,https://movie.douban.com/subject/36141054/
1251,狂王,https://movie.douban.com/subject/36055648/
1285,反派初始化,https://movie.douban.com/subject/35679834/
1303,灯笼刀,https://movie.douban.com/subject/35174001/
1352,回铭之烽火三月,https://movie.douban.com/subject/36141048/
1357,青之驱魔师 雪之尽头篇 青の祓魔師 雪ノ果篇,https://movie.douban.com/subject/36829112/
1361,散修之王,https://movie.douban.com/subject/36515006/
1382,鸣鸟不飞2：风暴来临 囀る鳥は羽ばたかない The storm breaks,https://movie.douban.com/subject/34970139/
1444,这个勇者明明超强却过分慎重 第二季 慎重勇者～この勇者が俺TUEEEくせに慎重すぎる～ 2期,https://movie.douban.com/subject/34937890/
1448,赘婿·龙蛇篇,https://movie.douban.com/subject/36591275/
1507,逆天至尊,https://movie.douban.com/subject/35525931/
1574,完美世界 第五季,https://movie.douban.com/subject/37046586/
1618,白发沈辣,https://movie.douban.com/subject/36939918/
1627,一世之尊,https://movie.douban.com/subject/36141018/
1660,精灵梦叶罗丽10,https://movie.douban.com/subject/36035869/
1697,没能成为魔法师的女孩子的故事 魔法使いになれなかった女の子の話。,https://movie.douban.com/subject/30361992/
1754,凤凰,https://movie.douban.com/subject/6874792/
1760,喜羊羊与灰太狼之决战次时代,https://movie.douban.com/subject/35459208/
1766,致不灭的你 第三季 不滅のあなたへ Season 3,https://movie.douban.com/subject/36309067/
1768,小兵传奇,https://movie.douban.com/subject/36055734/
1785,开局一座山2,https://movie.douban.com/subject/36514930/
1830,异人君莫邪,https://movie.douban.com/subject/36141015/
1875,咸鱼哥 第二季,https://movie.douban.com/subject/36141051/
1882,独步逍遥,https://movie.douban.com/subject/35088852/
1899,恶魔姐姐 姉なるもの,https://movie.douban.com/subject/34947535/
1948,逆天邪神,https://movie.douban.com/subject/35519130/
1966,秦时明月之亡秦必楚,https://movie.douban.com/subject/26184587/
2003,丹道至尊,https://movie.douban.com/subject/36691516/
2011,捕星司·源起,https://movie.douban.com/subject/35679818/
2026,无上神帝,https://movie.douban.com/subject/35088857/
2045,隐世宗门掌教,https://movie.douban.com/subject/36744118/
2097,蓝眼武士 第二季 Blue Eye Samurai Season 2,https://movie.douban.com/subject/36683611/
2140,药屋少女的呢喃 第2季 薬屋のひとりごと 第2期,https://movie.douban.com/subject/36829086/
2157,造梦机器 夢みる機械,https://movie.douban.com/subject/19973827/
2160,葬送的芙莉莲 第二季 葬送のフリーレン 第2期,https://movie.douban.com/subject/36829083/
2165,冰火魔厨,https://movie.douban.com/subject/35622989/
2216,从红月开始,https://movie.douban.com/subject/36053654/
2233,百炼成神2,https://movie.douban.com/subject/36563588/
2248,全职法师 第六季,https://movie.douban.com/subject/35638258/
2298,默读者,https://movie.douban.com/subject/34460234/
2324,灵笼2,https://movie.douban.com/subject/36467256/
2358,精灵梦叶罗丽X光浮尘,https://movie.douban.com/subject/36117735/
2397,全职法师 第六季,https://movie.douban.com/subject/35638258/
2399,全职法师 第六季,https://movie.douban.com/subject/35638258/
2450,少女前线 ドールズフロントライン,https://movie.douban.com/subject/35337734/
2505,剧场版 活击/刀剑乱舞 劇場版 活撃/刀剣乱舞,https://movie.douban.com/subject/27155491/
2523,开心超人联盟之能源核守护者,https://movie.douban.com/subject/34989249/
2534,一念永恒,https://movie.douban.com/subject/35172869/
2550,造梦机器 夢みる機械,https://movie.douban.com/subject/19973827/
2565,间谍过家家 第三季 SPY×FAMILY Season 3,https://movie.douban.com/subject/36700483/
2568,神澜奇域无双珠Ⅱ,https://movie.douban.com/subject/36191209/
2613,我气哭了百万修炼者,https://movie.douban.com/subject/35574009/
2638,果宝特攻4,https://movie.douban.com/subject/25929766/
2655,无限滑板 OVA SK∞ エスケーエイト OVA,https://movie.douban.com/subject/35517473/
2688,冰火魔厨,https://movie.douban.com/subject/35622989/
2713,绝世武魂,https://movie.douban.com/subject/35235575/
2714,火旺,https://movie.douban.com/subject/36912925/
2724,无限少女48,https://movie.douban.com/subject/33476032/
2732,雾山五行·封界大战,https://movie.douban.com/subject/36523174/
2754,动画关键词 Keywords of Animation,https://movie.douban.com/subject/26691747/
2760,动画关键词 Keywords of Animation,https://movie.douban.com/subject/26691747/
2764,近战法师,https://movie.douban.com/subject/35639845/
2779,动画关键词 Keywords of Animation,https://movie.douban.com/subject/26691747/
2804,山河剑心 第二季,https://movie.douban.com/subject/35668451/
2854,魔法使之夜 魔法使いの夜,https://movie.douban.com/subject/35712589/
2885,诡秘之主,https://movie.douban.com/subject/35560080/
2892,英雄觉醒,https://movie.douban.com/subject/26990751/
2895,末日曙光,https://movie.douban.com/subject/27034679/
2898,精灵梦叶罗丽8,https://movie.douban.com/subject/34989333/
2955,野良神 第三季 ノラガミ 3期,https://movie.douban.com/subject/33377777/
2956,小美人鱼的奇幻冒险,https://movie.douban.com/subject/35154209/
2990,星域四万年,https://movie.douban.com/subject/35638265/
3014,海贼王 重制版 THE ONE PIECE,https://movie.douban.com/subject/36689842/
3016,傲世九重天,https://movie.douban.com/subject/36141005/
3213,龙珠GT特别篇：悟空外传! 勇气的证明四星珠! 悟空外伝！勇気の证は四星球！,https://movie.douban.com/subject/35517379/
3239,武林外传动画版,https://movie.douban.com/subject/36141050/
3252,异兽魔都 OVA ドロヘドロ 魔のおまけ,https://movie.douban.com/subject/36948565/
3262,庇护所 SHELTER,https://movie.douban.com/subject/26899040/
3293,星学院3之潘朵拉秘境,https://movie.douban.com/subject/36189463/
3294,斗罗大陆1 第十一部分,https://movie.douban.com/subject/34841442/
3314,真月谭月姬 真月譚 月姫,https://movie.douban.com/subject/27178912/
3318,外星人狙击战 ムタフカズ,https://movie.douban.com/subject/30269050/
3322,高飞家族 第一季 Goof Troop Season 1,https://movie.douban.com/subject/26616681/
3336,潜行吧! 奈亚子W 這いよれ! ニャル子さんW,https://movie.douban.com/subject/35639779/
3364,九天玄帝诀,https://movie.douban.com/subject/35638262/
3365,新 吊带袜天使 New PANTY&STOCKING with GARTERBELT,https://movie.douban.com/subject/35566719/
3366,七大罪：被光诅咒的众人 劇場版 七つの大罪 光に呪われし者たち,https://movie.douban.com/subject/35964258/
3386,暗之末裔 闇の末裔,https://movie.douban.com/subject/35344127/
3424,机甲兽神,https://movie.douban.com/subject/36486515/
3428,梦幻西游之雷怒危机,https://movie.douban.com/subject/35460732/
3459,武映三千道,https://movie.douban.com/subject/26945049/
3460,十岁的汤姆 第一季 10-Year-Old Tom Season 1,https://movie.douban.com/subject/35724748/
3489,众神的恶作剧 神々の悪戯,https://movie.douban.com/subject/26889955/
3546,宝石之国 第二季 宝石の国 2期,https://movie.douban.com/subject/35639783/
3547,动画梦工场,https://movie.douban.com/subject/33377776/
3584,吟游默示录 吟遊黙示録マイネリーベ,https://movie.douban.com/subject/35042437/
3600,亡骸游戏 Part 2 デッドマウント・デスプレイ Part 2,https://movie.douban.com/subject/36948566/
3609,宇宙小子 第三季 Steven Universe Season 3,https://movie.douban.com/subject/35550570/
3613,山T老夫子,https://movie.douban.com/subject/27030613/
3620,狱·再见，绝望先生 獄・さよなら絶望先生,https://movie.douban.com/subject/36055451/
3637,幻梦山海谣,https://movie.douban.com/subject/35170002/
3638,美少女战士S剧场版：竹姬的恋人 劇場版 美少女戦士セーラームーンS,https://movie.douban.com/subject/35170305/
3650,萝球社 ロウきゅーぶ！,https://movie.douban.com/subject/36053752/
3655,森林大帝 ジャングル大帝,https://movie.douban.com/subject/35390917/
3659,森林大帝 ジャングル大帝,https://movie.douban.com/subject/35390917/
3666,钢之炼金术师：单纯的人们 鋼の錬金術師 シンプルな人々,https://movie.douban.com/subject/34431106/
3685,空之境界 俯瞰风景3D 劇場版 空の境界 俯瞰風景3D,https://movie.douban.com/subject/35623365/
3746,魔女的考验 シュガシュガルーン,https://movie.douban.com/subject/34925561/
3803,摇曳百合3 ゆるゆり さん☆ハイ！,https://movie.douban.com/subject/36060210/
3856,青春之旅OAD：烟火大会篇 アオハライド PAGE.13,https://movie.douban.com/subject/35280782/
3858,社畜小姐想被幽灵幼女治愈。 社畜さんは幼女幽霊に癒されたい。,https://movie.douban.com/subject/36714178/
3896,天才职业故事,https://movie.douban.com/subject/35716071/
3927,破天荒游戏 破天荒遊戯,https://movie.douban.com/subject/34834820/
3946,英雄传说 闪之轨迹 北方战役 The Legend of Heroes 閃の軌跡 Northern War,https://movie.douban.com/subject/35014064/
3953,一拳超人OVA4 ワンパンマン 強引すぎるバング,https://movie.douban.com/subject/36936169/
3969,高桥留美子梦幻剧场 乱马1/2特别篇 恶梦!春眠香 らんま1/2~悪夢! 春眠香,https://movie.douban.com/subject/35622991/
3972,薄樱鬼 碧血录 薄桜鬼 碧血録,https://movie.douban.com/subject/30382789/
3998,否否正能量,https://movie.douban.com/subject/35517384/
4006,网球王子另一个故事：过去和未来的信息 テニスの王子様 OVA ANOTHER STORY ～過去と未来のメッセージ,https://movie.douban.com/subject/34938138/
4040,恶魔战士 ヴァンパイアハンター,https://movie.douban.com/subject/36141019/
4050,小公主苏菲亚 第四季 Sofia the First Season 4,https://movie.douban.com/subject/27140086/
4056,湘南暴走族 湘南爆走族,https://movie.douban.com/subject/36140768/
4062,命运之夜前传咖啡厅 Fate/ゼロカフェ,https://movie.douban.com/subject/36141028/
4092,青春×机关枪 青春×機関銃,https://movie.douban.com/subject/35049268/
4094,青春×机关枪 青春×機関銃,https://movie.douban.com/subject/35049268/
4096,进击的巨人剧场版：后篇·自由之翼 劇場版 進撃の巨人 後編 〜自由の翼〜,https://movie.douban.com/subject/36515053/
4174,真田十勇士 BRAVE 10,https://movie.douban.com/subject/35679832/
4179,原神,https://movie.douban.com/subject/26777016/
4180,阿拉德战记 スラップアップパーティー -アラド戦記-,https://movie.douban.com/subject/36098304/
4212,创世纪传说：世界的彼方 ドットハック セカイの向こうに,https://movie.douban.com/subject/30174651/
4223,神藏,https://movie.douban.com/subject/26611678/
4224,魔女的使命 ウィッチクラフトワークス,https://movie.douban.com/subject/35144455/
4240,鬼灭之刃 初高一体!! 鬼灭学园物语 情人节篇 鬼滅の刃 中高一貫!! キメツ学園物語 バレンタイン編,https://movie.douban.com/subject/26611678/
4277,伊甸 エデン,https://movie.douban.com/subject/30283231/
4293,怪谈餐馆 怪談レストラン,https://movie.douban.com/subject/35622295/
4311,幻海奇情 第一季 7SEEDS,https://movie.douban.com/subject/35605424/
4334,梦塔·雪谜城,https://movie.douban.com/subject/35563480/
4352,多田君不恋爱 多田くんは恋をしない,https://movie.douban.com/subject/26969027/
4360,时空之隙,https://movie.douban.com/subject/36117269/
4361,今天开始做魔王 OVA 今日から㋮王! R,https://movie.douban.com/subject/34460064/
4364,鲁邦三世：海明威手稿之谜 ルパン三世 ヘミングウェイ・ペーパーの謎,https://movie.douban.com/subject/35170381/
4370,猫狗宠物街 3丁目のタマ うちのタマ知りませんか?,https://movie.douban.com/subject/35060143/
4375,网络英雄洛克人 ロックマンエグゼ,https://movie.douban.com/subject/35166206/
4384,偶像荣耀 IDOLY PRIDE,https://movie.douban.com/subject/35275436/
4405,暗芝居 第九季 闇芝居 第9期,https://movie.douban.com/subject/36140707/
4409,如风似云 雲のように風のように,https://movie.douban.com/subject/35043411/
4436,伊甸星原 第二季 EDENS ZERO 第2期,https://movie.douban.com/subject/34943598/
4468,兽娘动物园2 けものフレンズ2,https://movie.douban.com/subject/36395136/
4499,忏·再见，绝望先生 番外地 懺・さよなら絶望先生 番外地,https://movie.douban.com/subject/30217013/
4504,疾走王子 プリンス・オブ・ストライド オルタナティブ,https://movie.douban.com/subject/30345688/
4551,怪物王女,https://movie.douban.com/subject/35359408/
4561,"银幕黑塔利亚 銀幕ヘタリア Axis Powers Paint it, White（白くぬれ!）",https://movie.douban.com/subject/30171312/
4596,哆啦A梦：特别加映少年山贼团 ドラミちゃん アララ・少年山賊団,https://movie.douban.com/subject/35581385/
4609,战区88 エリア88,https://movie.douban.com/subject/35204895/
4617,恋爱北极熊 恋するシロクマ,https://movie.douban.com/subject/35043228/
4661,顶点!!!!!!!!!!!!!!! てっぺんっ!!!!!!!!!!!!!!!,https://movie.douban.com/subject/30215095/
4714,亚历山大战记 アレクサンダー戦記,https://movie.douban.com/subject/1774403/
4722,盗贼王JING 王ドロボウJING,https://movie.douban.com/subject/35346291/
4742,最强会长黑神 めだかボックス,https://movie.douban.com/subject/34996952/
4777,女武神的餐桌 第一季,https://movie.douban.com/subject/3678899/
4780,碧蓝幻想 第2季 GRANBLUE FANTASY The Animation season2,https://movie.douban.com/subject/34607338/
4786,四圣兽-光阴叙事诗天使谭 セイント・ビースト~光陰叙事詩天使譚~,https://movie.douban.com/subject/27018289/
4790,双子星公主 Gyu! ふしぎ星の☆ふたご姫 Gyu!,https://movie.douban.com/subject/36140711/
4799,大人的防具店 おとなの防具屋さん,https://movie.douban.com/subject/27097785/
4822,真夜中的侦探 Night Walker -真夜中の探偵-,https://movie.douban.com/subject/34925310/
4877,命运之夜前传特典 拜托了!爱因兹贝伦咨询室 お願い ! アインツベルン相談室,https://movie.douban.com/subject/30380029/
4978,超级机器人大战OG スーパーロボット大戦OG -ディバイン・ウォーズ-,https://movie.douban.com/subject/35088858/
4984,一拳超人 第二季 OVA3 ワンパンマン SEASON2 OVA03 ジェノスと記憶喪失,https://movie.douban.com/subject/35679816/
5015,高智能方程式赛车 TV总集篇 新世纪GPXサイバーフォーミュラ グラフィティ,https://movie.douban.com/subject/36553337/
5042,逮捕令 Special 逮捕しちゃうぞ Special,https://movie.douban.com/subject/35517381/
5090,猫语少女 けものとチャット,https://movie.douban.com/subject/35160973/
5092,伪恋OAD：澡堂/福利 ニセコイ セントウ/サービス,https://movie.douban.com/subject/30432278/
5115,足球小将 欧洲大决战 キャプテン翼 ヨーロッパ大決戦,https://movie.douban.com/subject/30299906/
5144,我的英雄学院 僕のヒーローアカデミア,https://movie.douban.com/subject/35497452/
5155,零度战姬Vibration フリージング ヴァイブレーション,https://movie.douban.com/subject/25832730/
5182,蓝龙 BLUE DRAGON,https://movie.douban.com/subject/35109772/
5185,美妙世界 すばらしきこのせかい The Animation,https://movie.douban.com/subject/36188823/
5312,009-1,https://movie.douban.com/subject/2265627/
5321,非枪人生 第二季 ノー・ガンズ・ライフ 第2クール,https://movie.douban.com/subject/30272797/
5327,失忆煽动WIXOSS Lostorage incited WIXOSS,https://movie.douban.com/subject/30409693/
5329,境界之轮回 第二季 境界のRINNE 第2シリーズ,https://movie.douban.com/subject/26770372/
5346,无法打开的黑与金的钥匙 黒と金の開かない鍵。(OVA),https://movie.douban.com/subject/4282128/
5364,吸血鬼猎人D：复活 Vampire Hunter D: Resurrection,https://movie.douban.com/subject/35461295/
5365,宇宙战舰提拉米斯II 宇宙戦艦ティラミスⅡ(ツヴァイ),https://movie.douban.com/subject/35335521/
5395,蔡志忠说：西洋美术史 蔡志忠說：西洋美術史,https://movie.douban.com/subject/20471100/
5400,一课一练 チーティングクラフト,https://movie.douban.com/subject/3232161/
5427,斗魂卫之玄月奇缘,https://movie.douban.com/subject/30238425/
5428,斗魔王杰克 Harlem Bomber篇 バイオレンスジャック ハーレムボンバー,https://movie.douban.com/subject/30238260/
5440,模型姐妹OVA +チック姉さん OVA,https://movie.douban.com/subject/34777866/
5455,甲铁城的卡巴内瑞 总集篇 前篇 汇集的光芒 甲鉄城のカバネリ 総集編 前編 集う光,https://movie.douban.com/subject/35459033/
5469,青空夏季篇 后篇：天地 AIR in Summer 後編 あめつち,https://movie.douban.com/subject/5975229/
5482,鲁邦三世 Master File ルパン三世 Master File,https://movie.douban.com/subject/33425883/
5501,加菲猫和他的朋友们 第三季 Garfield and Friends Season 3,https://movie.douban.com/subject/36141016/
5513,风与木之诗 風と木の詩 SANCTUS－聖なるかな－,https://movie.douban.com/subject/30377835/
5527,菊花笑典之有神么 第一季,https://movie.douban.com/subject/30337735/
5536,热血高校动画版 高校武闘伝 クローズ,https://movie.douban.com/subject/5346962/
5551,弱势角色友崎君 OVA1 弱キャラ友崎くん OVA1,https://movie.douban.com/subject/35136337/
5565,机动战士高达SEED DESTINY 特别版4：自由的代价 機動戦士ガンダムSEED DESTINY スペシャルエディション完結編 自由の代償,https://movie.douban.com/subject/35118995/
5573,金色琴弦3 金色のコルダ Blue♪Sky,https://movie.douban.com/subject/30377772/
5588,庆余年,https://movie.douban.com/subject/30409799/
5589,甜蜜声优 Rec,https://movie.douban.com/subject/35025996/
5641,翠星之加尔刚蒂亚：继续巡游的航路，向着远方(前篇) 翠星のガルガンティア めぐる航路、遥か 前編,https://movie.douban.com/subject/4291273/
5648,重创的伤口 プレイタの傷,https://movie.douban.com/subject/35358885/
5653,超寿兰 超GALS! 寿蘭,https://movie.douban.com/subject/34926625/
5660,灰与幻想的格林姆迦尔 OVA 灰と幻想のグリムガル 第2.5話 風呂の壁にかけた青春——one more センチメートル,https://movie.douban.com/subject/5403961/
5667,增血鬼果林 かりん,https://movie.douban.com/subject/30414558/
5670,斗罗大陆1第三十部分,https://movie.douban.com/subject/30284835/
5671,乱马 1/2 天道家混乱的圣诞节天道家 らんま 1/2 天道家 すくらんぶるクリスマス,https://movie.douban.com/subject/36779894/
5685,新干线变形机器人 新幹線変形ロボ シンカリオン,https://movie.douban.com/subject/26966633/
5688,网球并不可笑嘛 第一季 てーきゅう,https://movie.douban.com/subject/27055901/
5707,弦音 -风舞高中弓道部- TV未放送第十四话 ツルネ -風舞高校弓道部- TV未放送エピソード第十四話,https://movie.douban.com/subject/35460693/
5716,向银河开球 銀河へキックオフ!!,https://movie.douban.com/subject/3432746/
5750,键的嘉年华 第二季 かぎなど 2期,https://movie.douban.com/subject/4748248/
5776,银河英雄传说外传 污名 銀河英雄伝説外伝 汚名,https://movie.douban.com/subject/34925296/
5781,"圣母在上OVA4：Ready,Go! マリア様がみてる レディ、GO",https://movie.douban.com/subject/26876327/
5785,雪之女王 雪の女王,https://movie.douban.com/subject/33434827/
5790,假面女仆 仮面のメイドガイ,https://movie.douban.com/subject/26877173/
5813,绿子 緑子MIDORI-KO,https://movie.douban.com/subject/34822668/
5827,CANAAN 剧场版 CANAAN FESTIVAL WEEK,https://movie.douban.com/subject/27145008/
5838,战栗的幻影宝可梦 Pokémon: The Mastermind of Mirage Pokémon,https://movie.douban.com/subject/4108161/
5850,黑子的篮球 冬季杯总集篇 ～门的另一侧～ 黒子のバスケ ウインターカップ総集編 ～扉の向こう～,https://movie.douban.com/subject/30284893/
5878,狂热深渊-迷失的孩子 ディープインサニティ ザ・ロストチャイルド,https://movie.douban.com/subject/3112028/
5887,重获新生的机器人 おまかせスクラッパーズ,https://movie.douban.com/subject/30156080/
5893,薄樱鬼 雪华录 风间千景篇 薄桜鬼 雪華録 第六章 風間千景,https://movie.douban.com/subject/30125089/
5925,长骑美眉 ろんぐらいだぁす！,https://movie.douban.com/subject/30238274/
5931,女高中生给你做饭了 JKめし！,https://movie.douban.com/subject/30238441/
5961,妄想学生会2 OVA 生徒会役員共* OVA,https://movie.douban.com/subject/36324859/
5988,高达创形者 ガンダムビルドダイバーズ,https://movie.douban.com/subject/27601012/
6000,圣传：双城炎雷篇 聖伝 双城炎雷篇,https://movie.douban.com/subject/26807677/
6003,鬼人幻灯抄 鬼人幻燈抄,https://movie.douban.com/subject/30238351/
6004,我的英雄学院 第4季 僕のヒーローアカデミア 第4期,https://movie.douban.com/subject/35597282/
6014,圣斗士星矢Ω 第二季 聖闘士星矢Ω 新生聖衣編/Ω覚醒編,https://movie.douban.com/subject/35949179/
6020,一骑当千 XTREME XECUTOR 一騎当千 XTREME XECUTOR,https://movie.douban.com/subject/30364844/
6027,水与火的传说 Les enfants de la pluie,https://movie.douban.com/subject/10745403/
6040,秦时明月之剑灵传奇,https://movie.douban.com/subject/34879394/
6041,寓言新一族,https://movie.douban.com/subject/26290388/
6066,尸姬 玄 屍姫 玄,https://movie.douban.com/subject/35438292/
6080,GEAR战士电童 GEAR戦士電童,https://movie.douban.com/subject/35296284/
6096,来玩游戏吧 OVA あそびあそばせ OVA,https://movie.douban.com/subject/34436240/
6117,咸蛋超人之爱与和平 ウルトラマンM78劇場 Love & Peace,https://movie.douban.com/subject/34785818/
6137,妄想学生会OAD3 生徒会役員共OAD3,https://movie.douban.com/subject/27075249/
6166,妄想学生会OAD4 生徒会役員共OAD4,https://movie.douban.com/subject/27613146/
6169,怪物猎人日记 暖洋洋的艾尔村 モンハン日記 ぎりぎりアイルー村 ☆アイルー危機一髪☆,https://movie.douban.com/subject/34880291/
6223,金刚狼 WOLVERINE ウルヴァリン,https://movie.douban.com/subject/35427470/
6250,妖精的尾巴：回忆之日 FAIRY TAI メモリーデイズ,https://movie.douban.com/subject/35289231/
6269,约会大作战 デート・ア・ライブ,https://movie.douban.com/subject/27034991/
6299,出包王女Darkness OAD5 To LOVEる -とらぶる- ダークネス OAD5,https://movie.douban.com/subject/35351351/
6313,侍灵演武,https://movie.douban.com/subject/26946430/
6335,七骑士：革命-英雄的继承者- セブンナイツ レボリューション -英雄の継承者-,https://movie.douban.com/subject/30337728/
6368,雷加利亚 三圣星 レガリア The Three Sacred Stars,https://movie.douban.com/subject/35567654/
6398,最终兵器少女 Another love song MISSION:2 最終兵器彼女 Another love song MISSION:2,https://movie.douban.com/subject/26611026/
6401,精灵宝可梦：皮卡丘的闪亮大搜查 ピカチュウのキラキラだいそうさく！,https://movie.douban.com/subject/5032128/
6437,怪盗Joker 第2期 怪盗ジョーカー シーズン2,https://movie.douban.com/subject/3098559/
6444,放学后的王子 放課後の王子様,https://movie.douban.com/subject/5968894/
6447,光之美少女 Splash Star ふたりはプリキュア Splash Star,https://movie.douban.com/subject/27032421/
6450,星际海盗 コヨーテ ラグタイムショー,https://movie.douban.com/subject/35427395/
6463,遥远时空3：红月 遥かなる时空の中で3 红の月,https://movie.douban.com/subject/36742514/
6469,机神咆吼 機神咆吼デモンベイン,https://movie.douban.com/subject/35307622/
6486,外星人田中太郎 うちゅう人田中太郎,https://movie.douban.com/subject/3714038/
6489,Butlers～千年百年物语～ Butlers～千年百年物語～,https://movie.douban.com/subject/26951611/
6505,妖精的尾巴OAD10：妖精们的圣诞节 FAIRY TAIL OAD 妖精たちのクリスマス,https://movie.douban.com/subject/26392289/
6521,今天开始恋爱吧 2 今日、恋をはじめます 2,https://movie.douban.com/subject/3993254/
6547,斗魂卫之玄月奇缘 第三季,https://movie.douban.com/subject/34812427/
6562,斗战神,https://movie.douban.com/subject/26383112/
6572,时光照相馆的日常,https://movie.douban.com/subject/35663580/
6580,万界仙踪,https://movie.douban.com/subject/34670220/
6583,美国队长 Captain America,https://movie.douban.com/subject/4089909/
6586,菊叔5岁画,https://movie.douban.com/subject/26972577/
6589,命运石之门 新作 STEINS;?????,https://movie.douban.com/subject/35235475/
6594,青空少女队 青空少女隊,https://movie.douban.com/subject/2981400/
6598,北京最后一班地铁,https://movie.douban.com/subject/35067849/
6604,嘟当曼,https://movie.douban.com/subject/30413173/
6629,岁月飘零 風の中の少女 金髪のジェニー,https://movie.douban.com/subject/3737024/
6635,斗罗大陆1第二十八部分,https://movie.douban.com/subject/36779902/
6641,阿衰 第三季,https://movie.douban.com/subject/35150445/
6649,ARGONAVIS from BanG Dream! アルゴナビス from BanG Dream!,https://movie.douban.com/subject/34902560/
6665,坏坏二人的天罚 いけない二人とはじめての罚,https://movie.douban.com/subject/30219567/
6676,窈窕淑女 はいからさんが通る,https://movie.douban.com/subject/5320599/
6683,大禹治水,https://movie.douban.com/subject/33447754/
6688,芝麻街,https://movie.douban.com/subject/26930120/
6697,崩坏3 希儿,https://movie.douban.com/subject/34880292/
6699,怪物猎人物语 第一季 モンスターハンター ストーリーズ RIDE ON,https://movie.douban.com/subject/26615507/
6731,隔离左右有只鬼 もーれつア太郎,https://movie.douban.com/subject/3725078/
6736,RErideD -跨越时空的德里达- RErideD－刻越えのデリダ－,https://movie.douban.com/subject/30174392/
6740,辛巴德：飞翔公主与秘密之岛 シンドバッド 空とぶ姫と秘密の島,https://movie.douban.com/subject/26310131/
6765,宿舍不日常,https://movie.douban.com/subject/30140255/
6767,英雄西游 A Hero's Journey to the West,https://movie.douban.com/subject/26996826/
6775,爆烈猎人 元祖爆れつハンター,https://movie.douban.com/subject/2287050/
6780,时之歌—花与焰的狂想诗,https://movie.douban.com/subject/30409810/
6783,冒险王比特 冒険王ビィト,https://movie.douban.com/subject/3060432/
6795,云中居三子：溺女婆,https://movie.douban.com/subject/34327264/
6819,魔法公主明琪桃子 魔法のプリンセス ミンキーモモ,https://movie.douban.com/subject/3875031/
6840,氪金玩家,https://movie.douban.com/subject/35304713/
6841,宿身小人,https://movie.douban.com/subject/35206203/
6871,彼布利亚古书堂事件手帖(动画剧场版) ビブリア古書堂の事件手帖,https://movie.douban.com/subject/26972677/
6881,月尘,https://movie.douban.com/subject/3619076/
6897,博击手刃牙之地下拳王 グラップラー刃牙(バキ),https://movie.douban.com/subject/5975129/
6903,偶像传说英里子 アイドル伝説えり子,https://movie.douban.com/subject/5967283/
6904,铁男 EAT-MAN,https://movie.douban.com/subject/3748081/
6916,阿衰 第二季,https://movie.douban.com/subject/35150443/
6920,君临臣下,https://movie.douban.com/subject/26946436/
6934,偶像活动Friends～闪耀的宝石～ アイカツフレンズ！～かがやきのジュエル～,https://movie.douban.com/subject/30458962/
6940,玛雅 Imma Youjo,https://movie.douban.com/subject/35182158/
6959,王者歪传,https://movie.douban.com/subject/27663997/
6972,武藏 ~铳之道~ MUSASHI -GUN道,https://movie.douban.com/subject/2057175/
6973,斩兽之刃,https://movie.douban.com/subject/30388283/
6982,我的朋友猪迪克,https://movie.douban.com/subject/25788108/
6987,水豚汤馆,https://movie.douban.com/subject/35169987/
6990,生而为猫,https://movie.douban.com/subject/35954518/
6991,牧场上的少女卡特莉 牧場の少女カトリ,https://movie.douban.com/subject/3714035/
6995,UNDER THE DOG Jumbled,https://movie.douban.com/subject/30232274/
7009,圣灵破碎者 ガイストクラッシャー,https://movie.douban.com/subject/25738794/
7026,装鬼兵MD2 装鬼兵MDガイスト2 DEATH FORCE,https://movie.douban.com/subject/4827076/
7055,百怪异世说,https://movie.douban.com/subject/27608268/
7064,卡鲁鲁与不可思议之塔 カルルとふしぎな塔,https://movie.douban.com/subject/4903617/
7065,蒲公英 ぽぽたん Po-Po-Tan,https://movie.douban.com/subject/3757355/
7066,B Rappers Street Bラッパーズ ストリート,https://movie.douban.com/subject/30438332/
7073,独角鲸落难记 ワット・ボーとぼくらのお話,https://movie.douban.com/subject/3401240/
7075,铁鸥,https://movie.douban.com/subject/30360185/
7081,北京御宅 Otaku in Beijing,https://movie.douban.com/subject/5360012/
7083,飞吧！篮球,https://movie.douban.com/subject/35335881/
7100,天眼归来,https://movie.douban.com/subject/30206500/
7103,魍魉战记-摩陀罗 魍魎戦記マダラ,https://movie.douban.com/subject/3784474/
7119,锖色护甲 錆色のアーマ,https://movie.douban.com/subject/33984505/
7134,微热症候群 微熱症候群,https://movie.douban.com/subject/5975346/
7148,卡通三明治 第一季 Toon Sandwich Season 1,https://movie.douban.com/subject/27002585/
7163,黑水晶的魔力 The Power of the Dark Crystal,https://movie.douban.com/subject/2024965/
7167,精忠报国,https://movie.douban.com/subject/34925556/
7168,疯狂动画 第二季 Animaniacs Season 2,https://movie.douban.com/subject/35222356/
7177,生命之书2 The Book of Life 2,https://movie.douban.com/subject/27070080/
7180,哔哩哔哩2017拜年祭,https://movie.douban.com/subject/30419841/
7198,阿奇之臆想世界 Archie's Weird Mysteries,https://movie.douban.com/subject/5147588/
7214,美少女超人真琴 ショーヨノイド真琴ちゃん,https://movie.douban.com/subject/5975363/
7229,请叫我小熊猫,https://movie.douban.com/subject/34984303/
7232,Colorful カラフル,https://movie.douban.com/subject/5948570/
7239,快盗天使BREAK ツインエンジェルBREAK,https://movie.douban.com/subject/26945866/
7243,秘密結社 鷹の爪 MAX,https://movie.douban.com/subject/22620141/
7246,维他命X ADDICTION VitaminX Addiction,https://movie.douban.com/subject/5919560/
7250,崩坏3 reburn,https://movie.douban.com/subject/27160672/
7253,可爱的露西 南の虹のルーシー,https://movie.douban.com/subject/3714021/
7254,幻影死神 ブギーポップは笑わない,https://movie.douban.com/subject/4133348/
7261,刚巴的大冒险 ガンバの冒険,https://movie.douban.com/subject/5308315/
7263,东郭小节,https://movie.douban.com/subject/26951608/
7268,性愛の里 北海道秘宝館~その耽美な世界~,https://movie.douban.com/subject/27048436/
7271,东京妖怪图鉴 くつだる。,https://movie.douban.com/subject/25856363/
7272,艾尔之光 엘소드: 엘의 여인,https://movie.douban.com/subject/30276511/
7274,超～短篇 光之美少女全明星 GoGo Dream Live！ ちょ～短編 プリキュアオールスターズ GoGoドリームライブ！,https://movie.douban.com/subject/3281081/
7275,十五少年漂流记 十五少年漂流記,https://movie.douban.com/subject/3609021/
7276,同级生 同·級·生,https://movie.douban.com/subject/3222861/
7284,异兽魔都 第二季 ドロヘドロ 2期,https://movie.douban.com/subject/35028938/
7291,灵界基友2床仙,https://movie.douban.com/subject/26995018/
7303,记忆U盘,https://movie.douban.com/subject/30279876/
7310,境界线上的地平线Ⅲ 境界線上のホライゾンⅢ,https://movie.douban.com/subject/20441333/
7316,每日JK企划 毎日JK企画,https://movie.douban.com/subject/27102077/
7318,大草原的小天使 可爱的小狐猴 大草原の小さな天使 ブッシュベイビー,https://movie.douban.com/subject/3095386/
7335,第一神拳 TV未放送 第76话：拳王之拳(OVA) はじめの一歩 THE FIGHTING! Round 76 ボクサーの拳,https://movie.douban.com/subject/26235434/
7339,绝处逢声 絕處逢聲,https://movie.douban.com/subject/35633199/
7340,DYNAMIC CHORD,https://movie.douban.com/subject/27005313/
7350,心之彼端2 adplus ToHeart2 ダンジョントラベラーズ,https://movie.douban.com/subject/3740242/
7358,㚻片现场 Shooting Porn,https://movie.douban.com/subject/5109041/
7367,摩登大自然,https://movie.douban.com/subject/30323787/
7369,战斗吧歌姬！第一季,https://movie.douban.com/subject/30364833/
7370,宝石宠物 Happiness ジュエルペット ハッピネス,https://movie.douban.com/subject/23370499/
7371,星色Girl Drop 星色ガールドロップ,https://movie.douban.com/subject/30181418/
7373,落下生,https://movie.douban.com/subject/35326294/
7374,武士的魂 武士の魂,https://movie.douban.com/subject/26844654/
7376,圣学园天使 天使なんかじゃない,https://movie.douban.com/subject/5975137/
7380,救命，我变成了一条狗,https://movie.douban.com/subject/26794434/
7381,GAMBA与伙伴们的大冒险 GAMBA ガンバと仲間たち,https://movie.douban.com/subject/26384867/
7383,求求你，吃我吧,https://movie.douban.com/subject/26820532/
7388,型男恋爱王国 オレ様キングダム,https://movie.douban.com/subject/6849050/
7389,COCOLORS,https://movie.douban.com/subject/27593830/
7390,300大作战 グラマラスヒーローズ-Glamorous Heroes-,https://movie.douban.com/subject/27130365/
7395,1+2 = Paradise 1＋2＝パラダイス,https://movie.douban.com/subject/4267363/
7398,きよねこっ,https://movie.douban.com/subject/36166114/
7422,猴尘 第三季 Monkey Dust Season 3,https://movie.douban.com/subject/22024682/
7423,东南特卫队,https://movie.douban.com/subject/30327668/
7429,千年寻,https://movie.douban.com/subject/26275702/
7437,探险托里兰托：千年真宝 探検ドリランド -1000年の真宝-,https://movie.douban.com/subject/21891862/
7442,古代王者 恐龙王 古代王者 恐竜キング,https://movie.douban.com/subject/4225860/
7444,万古仙穹 第二季,https://movie.douban.com/subject/30176274/
7447,王蓝莓的生活日常,https://movie.douban.com/subject/35296077/
7451,爱米 第一季 ラブ米-WE LOVE RICE-,https://movie.douban.com/subject/26963237/
7455,红飞机历险记 As Aventuras do Avião Vermelho,https://movie.douban.com/subject/27171757/
7458,小鱼人莫叽姆斯一家,https://movie.douban.com/subject/30409541/
7460,电影 光之美少女Splash Star 滴嗒危机一发 映画 ふたりはプリキュア Splash Star チクタク危機一髪!,https://movie.douban.com/subject/5318639/
7462,豆小鸭迷你小冒险,https://movie.douban.com/subject/30394655/
7463,帅气女朋友 ハンサムな彼女,https://movie.douban.com/subject/5969316/
7465,战国奇谭 妖刀传 剧场版 戦国奇譚 妖刀伝 劇場版,https://movie.douban.com/subject/25867586/
7467,女武神行星 プラネットワルキューレ,https://movie.douban.com/subject/25799033/
7470,欢乐课程 ADVANCE HAPPY★LESSON ADVANCE,https://movie.douban.com/subject/4286623/
7475,沙漠漫游者 Sand Wanderer,https://movie.douban.com/subject/33425896/
7477,DAYS 東院学園戦,https://movie.douban.com/subject/26937482/
7479,纸箱战机W ダンボール戦機W,https://movie.douban.com/subject/10748053/
7480,驰风！赛艇王 モンキーターン,https://movie.douban.com/subject/3773932/
7484,"美少女战士十周年纪念 Pretty Soldier Sailor Moon, 10th Anniversary Festival: Ai no sanctuary",https://movie.douban.com/subject/3506186/
7491,超机甲发明小子 超発明BOYカニパン,https://movie.douban.com/subject/3586718/
7492,黑白双翼 ヴァイス サヴァイヴ,https://movie.douban.com/subject/3813935/
7494,与魔共舞 剧场版 Dance with Devils Fortuna,https://movie.douban.com/subject/26966581/
7495,魔法巧克力专门店 ショコラの魔法 OVA,https://movie.douban.com/subject/5387012/
7498,老师的时间Gold せんせいのお時間 ご～るど,https://movie.douban.com/subject/4101480/
7502,银河公主传说Yuna～哀伤的海妖塞壬～ 銀河お嬢様伝説ユナ～哀しみのセイレーン～,https://movie.douban.com/subject/3870926/
7504,Ben 10：歼灭所有外星人 Ben 10：Destroy All Aliens,https://movie.douban.com/subject/24850025/
7506,豆小鸭探险小窍门,https://movie.douban.com/subject/30394657/
7509,哈哈大冒险,https://movie.douban.com/subject/27622821/
7513,杀戮幻影 -从零开始的反叛- ファントムオブキルーZEROからの反逆ー,https://movie.douban.com/subject/26811772/
7515,夜间动物园 第一季 Night Zookeeper Season 1,https://movie.douban.com/subject/35216067/
7517,加油！露露落落 がんばれ！ルルロロ,https://movie.douban.com/subject/20277337/
7518,咬屁股虫 2 おしりかじり虫 シリーズ2,https://movie.douban.com/subject/25745637/
7524,伊万王子和灰狼 Иван Царевич и Серый Волк,https://movie.douban.com/subject/10354875/
7529,可爱巧虎岛,https://movie.douban.com/subject/35558877/
7530,维纳斯计划 VENUS PROJECT -CLIMAX-,https://movie.douban.com/subject/26340120/
7533,税務調査官 窓際太郎の事件簿 21,https://movie.douban.com/subject/26844656/
7536,痛哭的噩梦 恸哭のナイトメア,https://movie.douban.com/subject/21329075/
7539,欢乐课程 THE FINAL HAPPY☆LESSON THE FINAL,https://movie.douban.com/subject/5948608/
7542,芬格林 最后的雨林2：魔法救援 FernGully 2: The Magical Rescue,https://movie.douban.com/subject/5106938/
7543,茶啊二中叭叭叭,https://movie.douban.com/subject/30359242/
7545,快盗天使双胞胎 OVA 上 快盗天使ツインエンジェル 上巻,https://movie.douban.com/subject/3249765/
7546,我的英雄学院 My Hero Academia,https://movie.douban.com/subject/30362311/
7549,翡翠森林狼与羊 羁绊篇 あらしのよるに ひみつのともだち シアターセレクション きずな編,https://movie.douban.com/subject/21263526/
7556,额外加分 Extra Credits,https://movie.douban.com/subject/26577523/
7557,农场小牛牛 FarmKids,https://movie.douban.com/subject/3571466/
7560,绝望粉碎少女∞亚米妲,https://movie.douban.com/subject/35176665/
7563,22/7 SP. 8+3=？,https://movie.douban.com/subject/35230955/
7568,分解世界 Disintegration,https://movie.douban.com/subject/26980008/
7569,中国成语故事,https://movie.douban.com/subject/26593844/
7578,同人哆啦A梦：大雄的喜马拉雅行进记,https://movie.douban.com/subject/30237614/
7579,挖,https://movie.douban.com/subject/26341768/
7581,Trivia Quest,https://movie.douban.com/subject/35840270/
7582,探探猫之奇幻马戏团,https://movie.douban.com/subject/27199858/
7595,地元是日本 ジモトがジャパン,https://movie.douban.com/subject/30411328/
7598,十二国记 图南之翼 十二国记 図南の翼,https://movie.douban.com/subject/26087994/
7599,八月的棒球甜心 第13话 八月のシンデレラナイン 第13話,https://movie.douban.com/subject/35606002/
7600,龙之山 Dragon Hill. La colina del dragón,https://movie.douban.com/subject/3178564/
7604,动画店长×东方Project アニメ店長×東方Project,https://movie.douban.com/subject/5296287/
7610,天生兔女郎 うさぎちゃんでCue!!,https://movie.douban.com/subject/5360031/
7613,青春战士 青春戰士,https://movie.douban.com/subject/7062586/
7617,最后的三月 最後の三月,https://movie.douban.com/subject/26344513/
7619,Dia Horizon ディアホライゾン（被）,https://movie.douban.com/subject/27109239/
7620,狐狸特工 SpyFox,https://movie.douban.com/subject/25251345/
7623,萌马吼吼,https://movie.douban.com/subject/35633534/
7625,小蘑菇大冒险：森林守护者 Mush-Mush and the Mushables - episode The Guardian of the Forest,https://movie.douban.com/subject/35805744/
7626,spelunker先生,https://movie.douban.com/subject/5996828/
7627,刀剑乱舞-花丸- ～幕间回想录～ 刀剣乱舞-花丸- ～幕間回想録～,https://movie.douban.com/subject/27157766/
7628,暖暖日记 第三季 ぼのぼの,https://movie.douban.com/subject/35150187/
7630,Angel エンジェル,https://movie.douban.com/subject/5968836/
7632,唱歌足球熊猫Mifanda 歌うサッカーパンダ ミファンダ,https://movie.douban.com/subject/35081462/
7634,无鼻艳后奇遇记 Nez en moins disait Cléopâtre,https://movie.douban.com/subject/27118060/
7645,让我们烧吧！！！,https://movie.douban.com/subject/30150695/
7646,国民老公带回家第四季,https://movie.douban.com/subject/30345460/
7649,D咖邪恶联盟 The League of Super Evil,https://movie.douban.com/subject/5172360/
7651,LibraryCross∞,https://movie.douban.com/subject/27135557/
7652,辛巴达：魔法神灯和移动之岛 シンドバッド 魔法のランプと動く島,https://movie.douban.com/subject/26615378/
7653,Internet Explorer: The Anime,https://movie.douban.com/subject/25864040/
7654,自由战士：射线 第二季 Freedom Fighters: The Ray Season 2,https://movie.douban.com/subject/30348633/
7655,死灵编码 第二季,https://movie.douban.com/subject/25929757/
7657,Clip Cult Vol. 1: Exploding Cinema,https://movie.douban.com/subject/3287310/
7658,校园搞怪王 Angelo Rules - The Spitball Wars,https://movie.douban.com/subject/20392604/
7659,BLAME! 续篇,https://movie.douban.com/subject/27072326/
7660,敌人是海盗- 猫们的飨宴 敵は海賊 ～猫たちの饗宴～,https://movie.douban.com/subject/5965520/
7661,飞车纪元：钢铁的天使,https://movie.douban.com/subject/26356870/
7662,開運！大便小僧,https://movie.douban.com/subject/6900115/
7663,没有心跳的少女 完结篇 BEATLESS Final Stage,https://movie.douban.com/subject/30253157/
7664,午夜单车 Night Spinning,https://movie.douban.com/subject/30442343/
7665,零花 Rayca,https://movie.douban.com/subject/3264734/
7666,滨虎 剧场版 Fw: ハマトラ,https://movie.douban.com/subject/26680672/
7667,日穿校园 Cross School,https://movie.douban.com/subject/4731063/
7668,魔性之线 OAD デビルズライン OAD,https://movie.douban.com/subject/30258097/
7669,这位姐姐很虚幻 このお姉さんはフィクションです!?,https://movie.douban.com/subject/30219568/
7670,Last Time in Clerkenwell,https://movie.douban.com/subject/4913489/
7671,花千谷,https://movie.douban.com/subject/34947517/
7672,密会の宿10  禁じられた愛 北鎌倉悲恋殺人,https://movie.douban.com/subject/26844655/
7673,星海镖师,https://movie.douban.com/subject/26794436/
7675,勒若斯5号 Neurosi 5: Momento,https://movie.douban.com/subject/35181050/
7676,印ストール,https://movie.douban.com/subject/5962273/
7677,皆中！第二季 カイチュー！二期,https://movie.douban.com/subject/6890732/
7678,创伤 Обида,https://movie.douban.com/subject/26584538/
7679,奇瓦士猎人 1-2-3 シーバス1-2-3,https://movie.douban.com/subject/5975379/
7680,好朋友 シリーズ おともだち,https://movie.douban.com/subject/26694997/
7681,白菜 白菜アニメ,https://movie.douban.com/subject/25662564/
7682,BUSINESS FISH ビジネスフィッシュ,https://movie.douban.com/subject/34442127/
7683,训练营 第一季 Camp Camp Season 1,https://movie.douban.com/subject/26985530/
7684,彼得与狼,https://movie.douban.com/subject/26912459/
7685,酷酷的发现 Cool Things to Find,https://movie.douban.com/subject/35597591/
7686,无责任银河☆泰勒 無責任ギャラクシー☆タイラー,https://movie.douban.com/subject/27068919/
7687,圣光不好惹,https://movie.douban.com/subject/27006158/
7688,Sonic: Night of the Werehog,https://movie.douban.com/subject/6865852/
7689,太乙仙魔录之灵飞纪剧场版,https://movie.douban.com/subject/26995722/
7690,蚊子 Mosquito,https://movie.douban.com/subject/30433283/
7691,恶魔凶手 Demon Slayer,https://movie.douban.com/subject/5127565/
7692,挺身而出 Upstander,https://movie.douban.com/subject/35143383/
7693,Cosplay总动员,https://movie.douban.com/subject/34992792/
7694,喀喀喀的鬼太郎 妖怪特快车!魔幻火车 ゲゲゲの鬼太郎 妖怪特急！まぼろしの汽車,https://movie.douban.com/subject/6835250/
7695,极速战警 妮娜&玲 危险地带 エクスドライバー Nina&Rei Danger Zone,https://movie.douban.com/subject/5392077/
7696,zoo mix,https://movie.douban.com/subject/20399249/
7697,カガリヒバナ,https://movie.douban.com/subject/35681058/
7698,暗夜时代剧：甚助之耳 闇夜の時代劇 甚助の耳,https://movie.douban.com/subject/5313391/
7699,小王子 Der kleine Prinz,https://movie.douban.com/subject/5121449/
7700,军人少女SP 偶然消灭的白光！ みりたりSP たまたま消滅する白き光！,https://movie.douban.com/subject/26416755/
7701,同居男闺蜜,https://movie.douban.com/subject/27622767/
7702,442oons,https://movie.douban.com/subject/35076624/
7703,给未来的信～从这条路上开始～ みらいへの手紙～この道の途中から～,https://movie.douban.com/subject/26728552/
7704,ガラクタの町,https://movie.douban.com/subject/25862966/
7705,不如二次元彻底消失,https://movie.douban.com/subject/27063453/
7706,秘密結社 鷹の爪 THE MOVIE3 ～http://鷹の爪.jp は永遠に～,https://movie.douban.com/subject/4249357/
7707,加油！赶路人 第一季,https://movie.douban.com/subject/33428743/
7708,苏-27出击,https://movie.douban.com/subject/34800593/
7709,调味公寓,https://movie.douban.com/subject/30313976/
7710,最终试验鲸鱼 Progressive 最終試験くじら Progressive,https://movie.douban.com/subject/25867565/
7711,PONKOTSUKUESUTO ~魔王和派遣的魔物们~ ポンコツクエスト〜魔王と派遣の魔物たち〜,https://movie.douban.com/subject/26869123/
7712,Werner - Beinhart!,https://movie.douban.com/subject/3448342/
7713,鬼太郎 大海兽 ゲゲゲの鬼太郎 大海獣,https://movie.douban.com/subject/5155090/
7714,得而复失的王陵,https://movie.douban.com/subject/26852436/
7715,GOLDING,https://movie.douban.com/subject/25755584/
7716,ノクターンブギ,https://movie.douban.com/subject/35144453/
7717,暴走战国史 暴走戦国史,https://movie.douban.com/subject/5968896/
7718,战国BASARA 第二季 总集篇 戦国BASARA弐 宴EDITION,https://movie.douban.com/subject/26287407/
7719,沙漠之海贼！队长汤饭 砂漠の海賊！ キャプテンクッパ,https://movie.douban.com/subject/5977820/
7720,爱美大作战2 OLヴィジュアル系2,https://movie.douban.com/subject/4030437/
7721,Cargo Cult,https://movie.douban.com/subject/25831970/
7722,角斗士学校 La Película,https://movie.douban.com/subject/3025694/
7723,贫嘴金刚阿波罗 第一季 Apollo Gauntlet Season 1,https://movie.douban.com/subject/27092222/
7724,L’Île Noire,https://movie.douban.com/subject/26260721/
7725,西恩的星球 Planet Sheen,https://movie.douban.com/subject/5165304/
7726,琴浦さん 春香の部屋,https://movie.douban.com/subject/26309230/
7727,寺井友纪 幻游夏威夷 テライユキ in バーチャルハワイ,https://movie.douban.com/subject/5392048/
7728,狂欢三宝电影: 娃克的愿望 Wakko's Wish,https://movie.douban.com/subject/5099206/
7729,声优条子 声優刑事,https://movie.douban.com/subject/6778702/
7730,噗利噗利奇酱!! プリプリちぃちゃん!!,https://movie.douban.com/subject/27056225/
7731,秘密結社 鷹の爪 THE MOVIE II ～私を愛した黒烏龍茶～,https://movie.douban.com/subject/4016486/
7732,忘れ星,https://movie.douban.com/subject/25978345/
7733,直感×运算法则♪ 直感×アルゴリズム♪,https://movie.douban.com/subject/27013591/
7734,草裙舞女孩☆Petit フライングベイビーズ☆プチ,https://movie.douban.com/subject/34964118/
7735,BOSANIMAL ぼさにまる,https://movie.douban.com/subject/36286993/
7736,秘密結社 鷹の爪 THE MOVIE ～総統は二度死ぬ～,https://movie.douban.com/subject/4963394/
7737,立虫团/tibi gatya man/动物小战士剧场,https://movie.douban.com/subject/5332629/
7738,鸡场物语,https://movie.douban.com/subject/3008299/
7739,The Scourge of Worlds: A Dungeons & Dragons Adventure,https://movie.douban.com/subject/1450061/
7740,L'Incal,https://movie.douban.com/subject/4172595/
7741,La valle dell'eco tonante,https://movie.douban.com/subject/10454780/
7742,Ben 10,https://movie.douban.com/subject/6799312/
7743,アンパンマンが生まれた日,https://movie.douban.com/subject/20495774/
7744,宠物宝贝之风之谷 Cuccioli - Il paese del vento,https://movie.douban.com/subject/27145166/
7745,苏纳和玛努的趣味生活 おかしなさばくのスナとマヌ,https://movie.douban.com/subject/35312396/
7746,绿绿星球之绿绿战队,https://movie.douban.com/subject/35970284/
7747,Beat Angel,https://movie.douban.com/subject/5136497/
7748,ザ☆ドラえもんズ ドキドキ機関車大爆走！,https://movie.douban.com/subject/5977801/
7749,神秘公寓 鬼球DoubleX：六个预言 신비아파트 고스트볼 더블X: 6개의 예언,https://movie.douban.com/subject/35633200/
7750,律师 布施辰治 弁護士 布施辰治,https://movie.douban.com/subject/10343010/
7751,卡多派对,https://movie.douban.com/subject/35925174/
7752,女士幼儿园 Pani z przedszkola,https://movie.douban.com/subject/27089461/
7753,蔡六,https://movie.douban.com/subject/25969748/
7754,悪魔の花嫁,https://movie.douban.com/subject/26665804/
7755,新妹,https://movie.douban.com/subject/27605529/
7756,The Secret Files of the SpyDogs,https://movie.douban.com/subject/5088390/
7757,Angel Blade,https://movie.douban.com/subject/26320770/
7758,神秘公寓444号 신비아파트 444호,https://movie.douban.com/subject/35560121/
7759,Barbie and the Rockers: Out of This World,https://movie.douban.com/subject/20388654/
